area;emoji;name;type;hp;atk;sta;lck;int;mgk;def;note;desc;message;achiev

//River of Sorrows — new enemies
River of Sorrows;🫠;Fever Shade;Hot;4;2;3;0;0;1;0;Heat Specter;Dead warmth fills the cold air around it.<br>;The fever became your last dream.;none
River of Sorrows;🏊;Endless Swimmer;Standard;3;2;4;0;0;0;0;Lost Soul;Swims slow circles in the shallows, never tiring.<br>;Pulled you under mid-stroke.;none

//Forsaken Village
Forsaken Village;👟;Tattered Sneakers;Item-Legs;0;0;0;1;0;0;0;Athletic Footwear;Must have been fast once.<br>Provides <b>+1 🍀 Luck</b>.;Lighter steps.;none
Forsaken Village;💡;Filament Cap;Item-Head;0;0;0;0;1;0;0;Makeshift Gear;A hollowed-out bulb that flickers with static electricity.<br>Provides <b>+1 🧠 Intellect</b>.;A dim idea glows.;none
Forsaken Village;👔;Office Shirt;Item-Chest;0;1;0;0;1;0;0;Formal Wear;The ink stains tell a story of interrupted work.<br>Provides <b>+1 ⚔️ Attack</b> and <b>+1 🧠 Intellect</b>.;Dressed for a meeting that won't happen.;none
Forsaken Village;🗜️;Workbench Boxer;Item-Weapon;0;2;-1;0;0;0;0;Improvised Weapon;A heavy metal tool turned into a fist.<br>Provides <b>+2 ⚔️ Attack</b> for <b>-1 🟢 Energy</b>.;A heavy-handed approach.;none
Forsaken Village;🩳;Cargo Shorts;Item-Legs;1;0;1;0;0;0;0;Sturdy Trousers;Pockets full of lint and lost hopes.<br>Provides <b>+1 ❤️ Health</b> and <b>+1 🟢 Energy</b>.;Functional but cold.;none

//Twisted Fairyland
Twisted Fairyland;⚗️;Crystal Beaker;Item-Head;0;0;0;0;1;1;0;<b>Artifact</b>;Bubbles with a liquid that defies gravity.<br>Provides <b>+1 🧠 Intellect</b> and <b>+1 🔵 Mana</b>.;The air smells of ozone.;none
Twisted Fairyland;🩱;Iridescent Leotard;Item-Chest;0;0;1;0;0;1;0;Stretchy Wear;Moves as if floating on an unseen wind.<br>Provides <b>+1 🟢 Energy</b> and <b>+1 🔵 Mana</b>.;Elegance in the chaos.;none
Twisted Fairyland;🎍;Sharp Bamboo;Item-Weapon;0;2;0;0;-1;0;0;Improvised Blade;Grows faster than you can bleed.<br>Provides <b>+2 ⚔️ Attack</b> for <b>-1 🧠 Intellect</b>.;Nature strikes back.;none

//River of Sorrows
River of Sorrows;🩺;Mariner's Ear;Item-Head;0;0;0;1;0;1;0;Diagnostic Tool;Allows you to hear the heartbeat of the river.<br>Provides <b>+1 🍀 Luck</b> and <b>+1 🔵 Mana</b>.;A steady, wet rhythm.;none
River of Sorrows;🦺;Safety Vest;Item-Chest;2;0;0;0;0;0;0;Bright Gear;Supposed to keep you afloat in the dark waters.<br>Provides <b>+2 ❤️ Health</b>.;Visibility is key.;none
River of Sorrows;🛒;Rusty Chassis;Item-Weapon;0;2;0;-1;0;0;0;Metal Frame;A twisted remnant of a consumerist era.<br>Provides <b>+2 ⚔️ Attack</b> for <b>-1 🍀 Luck</b>.;Pushing through the debris.;none

//Shrouded Necropolis
Shrouded Necropolis;🌒;Moonless Watch;Trap-Sleep;-1;0;0;0;-2;0;0;Dark Curse;Darkness thick enough to press behind the eyes.<br>Bad dreams follow you out.;You slept. The nightmares did not.;none
Shrouded Necropolis;👗;Widow's Shroud;Item-Chest;0;0;0;0;0;0;0;<b>Artifact</b> TBD;A grief too heavy to wear, but you wear it anyway.<br>Unique power TBD.;It fits like a wound.;none
Shrouded Necropolis;👡;Widow's Heel;Item-Legs;0;0;0;0;0;0;0;<b>Artifact</b> TBD;She walked in these once.<br>Unique power TBD.;Left behind. Now yours.;none

//Shrouded Necropolis
Shrouded Necropolis;♠️;Grave-Marker Pin;Item-Head;0;0;0;0;0;3;0;<b>Artifact</b>;A cold, black spade that pins your thoughts to the earth.<br>Provides <b>+3 🔵 Mana</b>.;Grounded in death.;none
Shrouded Necropolis;🩻;Exposed Ribcage;Item-Chest;-2;0;0;0;0;0;3;<b>Artifact</b>;The bone is cold, but the protection it offers is absolute.<br>Provides <b>+3 🔰 Defence</b> for <b>-2 💔 Health</b>.;Heart guarded by bone.;none
Shrouded Necropolis;💉;Infected Needle;Item-Weapon;0;3;0;0;-1;0;0;<b>Artifact</b>;One prick is all it takes to share the rot.<br>Provides <b>+3 ⚔️ Attack</b> for <b>-1 🧠 Intellect</b>.;The rot spreads.;none
Shrouded Necropolis;🦿;Bionic Piston;Item-Legs;-1;0;3;0;0;0;0;<b>Artifact</b>;Pumps with a rhythmic, mechanical hatred.<br>Provides <b>+3 🟢 Energy</b> for <b>-1 💔 Health</b>.;Driven by cold steel.;none

//Fishing
Fishing;🛟;Buoyant Ring;Item-Chest;1;0;0;1;0;0;0;Safety Gear;Keeps you from sinking into the darker thoughts.<br>Provides <b>+1 ❤️ Health</b> and <b>+1 🍀 Luck</b>.;Feeling more secure.;none
Fishing;🤿;Scuba Mask;Item-Head;0;0;0;0;1;1;0;Diving Gear;Glass is fogged with ancient, trapped air.<br>Provides <b>+1 🧠 Intellect</b> and <b>+1 🔵 Mana</b>.;The depths look different now.;none
Fishing;🎿;Sunken Skis;Item-Legs;0;0;1;1;0;0;0;Sporting Gear;Useless for snow, but they provide strange stability.<br>Provides <b>+1 🟢 Energy</b> and <b>+1 🍀 Luck</b>.;Found your footing.;none
Fishing;🎣;Reinforced Rod;Item-Weapon;0;1;0;1;0;0;0;Fishing Tool;Strong enough to pull secrets from the silt.<br>Provides <b>+1 ⚔️ Attack</b> and <b>+1 🍀 Luck</b>.;Hooked a good one.;none
Fishing;⚓;Heavy Anchor;Item-Weapon;0;2;-1;0;0;0;1;<b>Artifact</b>;Solid iron that demands you stay exactly where you are.<br>Provides <b>+2 ⚔️ Attack</b> and <b>+1 🔰 Defence</b> for <b>-1 🟢 Energy</b>.;Staying grounded.;none
