Fading Wildlands;🐀;Field Scavenger;Small;1;1;2;0;-1;0;0;Tiny Rodent;Sniffs toward the darker horizon\ not the grain.<br>;Contracted a deadly disease.
Fading Wildlands;🐁;Pale Forager;Small;1;1;2;0;-1;0;0;Tiny Rodent;Red eyes track something behind you.\ <br>;Contracted a deadly disease.
Fading Wildlands;🦎;Fleeing Skink;Small;1;1;1;0;0;0;0;Sneaky Reptile;Bolts away from the Meadows\ not toward them.<br>;Lost sight of it\ paid the price.
Fading Wildlands;🪳;Grave-Twitch Roach;Small;1;1;1;0;-1;0;0;Annoying Insect;Keeps crawling toward where the ground dips.<br>;Crawled in the ear and ended it all.
Fading Wildlands;🪰;Gravebound Gnat;Small;1;1;1;0;-1;0;0;Tiny Annoyance;Already drunk on the smell downstream.<br>;Couldn’t take the endless buzzing.
Fading Wildlands;🦗;Skittish Hopper;Small;1;1;1;0;-1;0;0;Lively Insect;Jumps away from you\ and something behind you.<br>;Got too close and fell.
Fading Wildlands;🐝;Frantic Forager Bee;Small;1;1;1;0;-1;0;0;Flying Insect;Buzzes in tight\ panicked spirals.<br>;Stung in the eye and fell.
Fading Wildlands;🦋;Ashdusted Butterfly;Small;1;0;1;0;-1;0;0;Nature's Beauty;Blue wings flecked with grey\ like smoke.<br>;How come this happened?
Fading Wildlands;🐌;Hollowtrail Snail;Small;1;0;1;0;-1;0;0;Slow Insect;Leaves a murky streak that smells wrong.<br>;How come this happened?
Fading Wildlands;🪱;Surface-Wary Grub;Small;1;1;0;0;-1;0;0;Arthropod;Keeps trying to burrow back underground.\ <br>;Got destroyed by a worm.
Fading Wildlands;🪱;Upturned Grub;Small;1;1;0;0;-1;0;0;Arthropod;Rolls on the surface\ like it forgot how to dig.<br>;Got destroyed by a worm.
Fading Wildlands;🪱;Lost Tunnel Worm;Small;1;1;0;0;-1;0;0;Arthropod;Wriggles in circles\ never finding the soil.<br>;Got destroyed by a worm.
Fading Wildlands;🪱;Tremor-Wary Worm;Small;1;1;1;0;-1;0;0;Arthropod;Shivers whenever the earth sighs.<br>;Got destroyed by a worm.
Fading Wildlands;🪱;Restless Earthworm;Small;1;1;1;0;-1;0;0;Arthropod;Crowded with others fleeing the river’s pull.<br>;Got destroyed by a worm.
Fading Wildlands;🪱;Rainless Worm;Small;2;1;1;0;-1;0;0;Arthropod;Surfaced for storms that never came.<br>;Got destroyed by a worm.
Fading Wildlands;🐛;Harbinger Grub;Small;1;1;1;0;-1;0;0;Innocent Critter;Harmless\ but drawn to your footsteps.<br>;This was a disaster.
Fading Wildlands;🪰;Carrion-Calling Fly;Small;1;1;2;0;-1;0;0;Annoying Insect;Already trained on the scent of endings.<br>;Contracted a deadly disease.
Fading Wildlands;🐜;Ashline Ant;Small;1;1;0;0;-1;0;0;Insect;Carries crumbs from a long-dead firepit.<br>;How could this happen?
Fading Wildlands;🐜;Bonechip Ant;Small;1;1;1;0;-1;0;0;Insect;Drags something white and brittle behind it.<br>;How could this happen?
Fading Wildlands;🦗;Ceaseless Chirper;Small;1;1;0;0;-1;0;0;Annoying Insect;Falls silent whenever you look behind you.<br>;The noise exploded your head!

Fading Wildlands;🐓;Watchful Yardcock;Pet;1;1;2;0;0;0;0;Feathery Friend;Crows at the road out of the Meadows.<br>;Convinced it to join you.
Fading Wildlands;🐦‍⬛;Omen-Tongued Raven;Pet;1;1;1;1;0;0;0;Mysterious Bird;Croaks softly whenever you face the wrong way.<br>;The bird has joined your side.
Fading Wildlands;🦦;Troublemirth Otter;Pet;1;1;1;0;0;0;0;Playful Critter;Splashes happily\ but never in still water.<br>;Slipped into your party.
Fading Wildlands;🐈;Field-Stalker Cat;Pet;1;0;2;0;0;0;0;Cute Animal;Eyes fixed on a horizon you can’t yet see.<br>;Gained powerful follower.
Fading Wildlands;🦎;Pathshadow Gecko;Pet;1;0;2;1;0;0;0;Beautiful Lizard;Keeps to your side\ avoiding open spaces.<br>;Got a new travel buddy!
Fading Wildlands;🐞;Wanderlost Ladybug;Pet;1;0;1;1;0;0;0;Pelicular Insect;Crawls in circles on your gauntlet like a ward.<br>;Got a new travel buddy!
Fading Wildlands;🐥;Meadow Orphan Chick;Pet;1;0;1;0;-1;0;0;Cute Animal;Peeping at fields that will never be home again.<br>;Got a new travel buddy!
Fading Wildlands;🕊️;Harbinger Dove;Pet;1;0;2;1;0;0;0;Symbol of Peace;Lands only where the ground still feels kind.\ <br>;Follows your shadow.

Fading Wildlands;🐐;Bramblehorn Goat;Standard;2;1;1;0;10;0;0;Wild Beast;Keeps its back to the river\ eyes on you.<br>;Impaled by its horns.
Fading Wildlands;🦫;Gnarltooth Gnawer;Standard;2;1;1;0;2;0;0;Wild Beast;Builds dams\ then stares downstream like it hears cries.<br>;Dragged you to a dam of bones.
Fading Wildlands;🦃;Paniccrest Turkey;Standard;2;1;1;0;10;0;0;Domestic Animal;Startles at nothing\ charges at everything.<br>;Defeated by an angry bird.
Fading Wildlands;🐓;Bloodwake Rooster;Standard;2;1;2;0;10;0;0;Crazed Animal;Shrieks like a warning siren at dawn.<br>;Got your brain pecked out.
Fading Wildlands;🐑;Uneasy Ewe;Standard;2;0;1;0;10;0;0;Domestic Animal;Keeps edging away from the village\ not you.<br>;Head-butted to death.
Fading Wildlands;🦥;Doom-Drowsy Sloth;Standard;2;0;1;1;1;0;0;Innocent Critter;Too calm\ even with the sky dimming.\ <br>;Oh\ that is really unfortunate.

Fading Wildlands;🦨;Blightscent Skunk;Toxic;2;0;2;0;1;0;0;Wild Animal;Tail twitching toward the wind from downstream.<br>;Suffered a terrible stench.
Fading Wildlands;🦔️;Thorncurl Hedgehog;Stingy;1;0;1;1;0;0;0;Innocent Critter;Spines rise whenever the river sighs.\ <br>;Ouch\ that stings!
Fading Wildlands;🐝;Wanderlost Stinger;Stingy;1;1;1;0;-1;0;0;Confused Insect;Searching for flowers that already died.<br>;Ouch\ that stings!

Fading Wildlands;🦆;Riverscorn Duck;Swift;1;1;2;0;0;0;0;Wild Animal;Snaps at ankles\ then glares toward the distant current.<br>;Defeated by an angry bird.
Fading Wildlands;🐄;Bristlehorn Cow;Heavy;3;0;1;0;1;0;0;Domestic Animal;Docile until pushed\ then terrifyingly solid.<br>;Impaled by its horns.
Fading Wildlands;🦌;Edgewatch Stag;Heavy;2;0;2;0;3;0;0;Wild Animal;Hooves planted between green fields and gloom.<br>;Rammed till the last breath.

Fading Wildlands;🪿;Unruly Goose King;Boss-Pet;1;1;3;0;2;0;0;Feathered Menace;Guards the last peaceful water like a tyrant.<br>;Honked its way into your party.
Fading Wildlands;🦢;Pond Sovereign;Boss-Standard;2;2;2;0;3;0;0;Feathered Fury;Graceful surface\ heavy eyes that know what’s coming.<br>;Choked by the long neck.
Fading Wildlands;🦅;Meadow Apex;Boss-Swift;1;3;1;0;3;0;0;Winged Horror;Circles the only road leading deeper in.<br>;Talons tore your throat apart.
Fading Wildlands;🐍;Gloomshed Viper;Boss-Swift;1;3;1;0;-1;0;0;Fearsome Reptile;Lurks where grass thins into barren earth.<br>;Got injected with deadly venom.
Fading Wildlands;🦡;Graveway Badger;Boss-Swift;2;2;2;0;4;0;0;Wild Animal;Snarls at anything walking toward the village.\ <br>;Got freaking destroyed.
Fading Wildlands;🐏;Pathwarden Ram;Boss-Heavy;3;1;1;0;2;0;0;Wild Animal;Plants itself in the last open meadow.\ <br>;Rammed till releasing the last breath.
Fading Wildlands;🦬;Thunderstep Bison;Boss-Heavy;3;2;1;0;3;0;0;Wild Animal;Each stomp sounds like a warning drum.<br>;Suffered a fatal blunt trauma.
Fading Wildlands;🐗;Broodguard Sow;Boss-Heavy;2;2;1;0;-1;0;0;Wild Animal;Keeps her young far from the river’s pull.<br>;Got torn apart by tusks.
Fading Wildlands;🐂;Spent Plowbull;Boss-Heavy;3;0;1;0;1;0;0;Domestic Animal;Too tired to go on\ too stubborn to flee the coming dark.<br>;Got impaled by both horns at once.

--- Original Data

Wildland Meadows;🌱;Fresh Growth;Prop;0;0;0;0;0;0;0;Wild Flora;Good place to catch a breath.<br>;
Wildland Meadows;🌿;Grass Field;Prop;0;0;0;0;0;0;0;Wild Flora;Good place to catch a breath.<br>;Crossed right through.
Wildland Meadows;☘️;Clover Field;Prop;0;0;0;0;0;0;0;Natural Beauty;Brings comfort whenever looked at.<br>;
Wildland Meadows;🍃;Flying Leaves;Prop;0;0;0;0;0;0;0;Natural Beauty;Signs reminding you of the circle of life.<br>;
Wildland Meadows;🪹;Empty Nest;Prop;0;0;0;0;0;0;0;Natural Habitat;Nothing more than twigs and dust.<br>;
Wildland Meadows;🪨;Granite Boulder;Prop;0;0;0;0;0;0;0;Natural Landmark;Its stillness feels kind of heavy.<br>;
Wildland Meadows;🌳;Lone Tree;Prop;0;0;0;0;0;0;0;Tall Flora;Nothing of particular interest.<br>;
Wildland Meadows;🪵;Mossy Trunks;Prop;0;0;0;0;0;0;0;Natural Debris;What has grown before is being recaimed now.<br>;

Wildland Meadows;🪷;Quiet Pond;Fishing;0;0;0;0;0;0;0;Water Body;Full of beautiful water lilies.<br>;
Wildland Meadows;🪷;Lovely Pond;Fishing;0;0;0;0;0;0;0;Water Body;Full of beautiful water lilies.<br>;
Wildland Meadows;🌊;Rushing Stream;Fishing;0;0;0;0;0;0;0;Water Body;Crystal-clear water flowing steadily.<br>;

Wildland Meadows;🌱;Potato Field;Container;0;0;0;0;0;0;0;Wild Flora;Good place to catch a breath.<br>;Crossed right through.
Wildland Meadows;🍂;Leaf Pile;Container;0;0;0;0;0;0;0;Natural Cover;Something may be hidden beneath.<br>;
Wildland Meadows;🪵;Hidden Hollow;Container;0;0;0;0;0;0;0;Natural Cover;Something is sticking from under the roots.<br>;
Wildland Meadows;🪺;Abandoned Nest;Container;0;0;0;0;0;0;0;Wildlife Creation;Unattended nest with something inside.<br>;There was something inside indeed.
Wildland Meadows;🧺;Picnic Basket;Container;0;0;0;0;0;0;0;Container;Someone must have lost it here.<br>;
Wildland Meadows;🧺;Lost Basket;Container;0;0;0;0;0;0;0;Container;Looks abandoned in rush.<br>;
Wildland Meadows;🕳️;Shallow Hole;Container;0;0;0;0;0;0;0;Concealed Stash;A small hole opens beneath your step.<br>;There was something inside.

Wildland Meadows;🌾;Grain Growth;Container-2;0;0;0;0;0;0;0;Farmland Remains;A burlap sack forgotten among the grass.<br>;Opened to reveal a small stash.
Wildland Meadows;🌾;Overgrown Grass;Container-2;0;0;0;0;0;0;0;Dense Flora;Thick growth covers the way forward.<br>;Crossed right through.
Wildland Meadows;🌼;Flower Patch;Container-2;0;0;0;0;0;0;0;Natural Beauty;Another splash of color around here.<br>;
Wildland Meadows;🌺;Blooming Field;Container-2;0;0;0;0;0;0;0;Natural Beauty;Brings comfort whenever looked at.<br>;
Wildland Meadows;🌸;Cherry Orchard;Container-2;0;0;0;0;0;0;0;Natural Beauty;Brings comfort whenever looked at.<br>;
Wildland Meadows;🌹;Rose Bush;Container-2;-1;0;0;0;0;0;0;Natural Beauty;Lovely to look at\ but <b>stingy on touch</b>.<br>;Got stinged real bad!

Wildland Meadows;🌿;Dense Grass;Container-3;0;0;0;0;0;0;0;Wild Flora;Looks like something is hidden there.<br>;Crossed right through.
Wildland Meadows;🌾;Dense Weeds;Container-3;0;0;0;0;0;0;0;Natural Obstacle;Looks like something is hidden there.<br>;Nearly tripped\ but caught yourself.
Wildland Meadows;🌽;Corn Field;Container-3;0;0;0;0;0;0;0;Possible Stash;This heap might be hiding something.<br>;There was something hidden inside.
Wildland Meadows;🏕️;Abandoned Campsite;Container-3;0;0;0;0;0;0;0;Temporary Home;Strange noises are coming out of the tent.<br>;Decided to investigate the tent.
Wildland Meadows;🌻;Sunflower Field;Container-3;0;0;0;0;0;0;0;Farmland;Strange noises are coming out.<br>;Crossed right through.

Wildland Meadows;🍀️;Clover Growth;Altar;0;0;0;1;0;0;0;Safe Place;Surrounded by rare four-leaf clovers.<br>;You won't ever forget this.
Wildland Meadows;🌸;Wildflower Shrine;Altar;0;0;0;1;0;0;0;Peaceful Place;Colorful flowers dance with the breeze.<br>;The nature blessed you.
Wildland Meadows;🍁;Maple Glade;Altar;0;0;0;1;0;0;0;Safe Haven;Leaves whisper secrets of natural luck.<br>;You listened to the whispers.
Wildland Meadows;🖼️️;Abandoned Painting;Altar;0;0;0;0;1;0;0;Unfinished Art;Deserves some basic admiration.<br>;Hmm\ truly an interesting piece.

Wildland Meadows;🦋;Butterfly Swarm;Curse;0;0;0;0;0;1;0;Natural Beauty;The butterflies are surrounding yourself.<br>;They bestowed you magical power.
Wildland Meadows;🌀;Deja Vu;Curse;0;0;0;2;-1;0;0;Brief Moment;Almost like this has already happened.<br>;That felt really weird.
Wildland Meadows;🌬️;Howling Wind;Curse;0;0;1;0;0;0;0;Brief Moment;Feels like something's calling for attention.<br>;Received a howling blessing.

Wildland Meadows;💩;Steaming Pile;Trap-Attack;0;0;0;0;-1;0;0;Disgusting Stench;Terrible stench is filling the air.<br>;Suffered some nasty consequences.
Wildland Meadows;🕳️;Suspicious Hole;Trap;-1;0;0;0;0;0;0;Concealed Trap;Cannot really see what is inside.<br>;Stepped on some hidden spikes.
Wildland Meadows;🕸️;Spider Web;Trap-Roll;0;0;-1;0;0;0;0;Minor Inconvenience;Unfortunately\ it blocks the only way ahead.<br>;Got some webs on your face
Wildland Meadows;🪵;Fallen Trunk;Trap-Roll;0;0;0;0;0;0;0;Natural Debris;A giant trunk blocks the path.<br>;There's no other way ahead.

Wildland Meadows;🐀;Grassland Mouse;Small;1;0;2;0;-1;0;0;Tiny Rodent;Running around\ looking for seeds.<br>;Contracted a deadly disease.
Wildland Meadows;🐁;Albino Mouse;Small;1;0;2;0;-1;0;0;Tiny Rodent;Probably carries some nasty diseases.<br>;Contracted a deadly disease.
Wildland Meadows;🦎;Quick Lizard;Small;1;0;1;0;0;0;0;Sneaky Reptile;Dashes quickly between rocks.<br>;Lost sight of it\ paid the price.
Wildland Meadows;🪳;Creeping Cockroach;Small;1;0;1;0;-1;0;0;Annoying Insect;Scuttles in the undergrowth.<br>;Crawled in the ear and ended it all.
Wildland Meadows;🪰;Buzzing Fly;Small;1;0;1;0;-1;0;0;Tiny Annoyance;Barely visible\ but relentless.<br>;Couldn’t take the endless buzzing.
Wildland Meadows;🦗;Tiny Grasshopper;Small;1;0;1;0;-1;0;0;Lively Insect;Leaps away at the last second.<br>;Got too close and fell.
Wildland Meadows;🐝;Busy Bumblebee;Small;1;0;1;0;-1;0;0;Flying Insect;Bumbles along with no aim.<br>;Stung in the eye and fell.
Wildland Meadows;🦋;Blue Butterfly;Small;1;0;1;0;-1;0;0;Nature's Beauty;Makes a perfect fishing bait.<br>;How come this happened?
Wildland Meadows;🐌;Trailing Snail;Small;1;0;0;0;-1;0;0;Slow Insect;Perhaps it could attract some fish.<br>;How come this happened?
Wildland Meadows;🪱;Small Worm;Small;1;0;0;0;-1;0;0;Arthropod;Makes a perfect fishing bait.<br>;Got destroyed by a worm.
Wildland Meadows;🪱;Tiny Worm;Small;1;0;0;0;-1;0;0;Arthropod;Makes a perfect fishing bait.<br>;Got destroyed by a worm.
Wildland Meadows;🪱;Confused Worm;Small;1;0;0;0;-1;0;0;Arthropod;Makes a perfect fishing bait.<br>;Got destroyed by a worm.
Wildland Meadows;🪱;Anxious Worm;Small;1;0;1;0;-1;0;0;Arthropod;Spooked by the sudden sunlight.<br>;Got destroyed by a worm.
Wildland Meadows;🪱;Earthworm;Small;1;0;1;0;-1;0;0;Arthropod;Makes a perfect fishing bait.<br>;Got destroyed by a worm.
Wildland Meadows;🪱;Rain Worm;Small;2;0;1;0;-1;0;0;Arthropod;Makes a perfect fishing bait.<br>;Got destroyed by a worm.
Wildland Meadows;🐛;Little Bug;Small;1;0;1;0;-1;0;0;Innocent Critter;May ruin your day\ but never hurts no one.<br>;This was a disaster.
Wildland Meadows;🪰;Pesky Fly;Small;1;0;2;0;-1;0;0;Annoying Insect;Sits on skin again and again.<br>;Contracted a deadly disease.
Wildland Meadows;🐜;Tiny Ant;Small;1;0;0;0;-1;0;0;Insect;Minds its own business.<br>;How could this happen?
Wildland Meadows;🐜;Worker Ant;Small;1;0;1;0;-1;0;0;Insect;Minds its own business.<br>;How could this happen?
Wildland Meadows;🦗;Chirping Cricket;Small;1;0;0;0;-1;0;0;Annoying Insect;Makes annoying loud sounds.<br>;The noise exploded your head!

Wildland Meadows;🐓;Patrolling Rooster;Pet;1;1;2;0;0;0;0;Feathery Friend;Crows at inappropriate hours.<br>;Convinced it to join you.
Wildland Meadows;🐦‍⬛;Lost Raven;Pet;1;0;1;1;0;0;0;Mysterious Bird;Croaks in a haunting tone.<br>;The bird has joined your side.
Wildland Meadows;🦦;Cheeky Otter;Pet;1;1;1;0;0;0;0;Playful Critter;Seems to enjoy total chaos.<br>;Slipped into your party.
Wildland Meadows;🐈;Savannah Cat;Pet;1;0;2;0;0;0;0;Cute Animal;Loves pouncing at small rodents.<br>;Gained powerful follower
Wildland Meadows;🦎;Green Gecko;Pet;1;0;2;1;0;0;0;Beautiful Lizard;Chill fella just running around.<br>;Got a new travel buddy!
Wildland Meadows;🐞;Lonely Ladybug;Pet;1;0;1;1;0;0;0;Pelicular Insect;Tiny cute creature crawling around.<br>;Got a new travel buddy!
Wildland Meadows;🐥;Lost Chick;Pet;1;0;1;0;-1;0;0;Cute Animal;Runs around constantly peeping.<br>;Got a new travel buddy!
Wildland Meadows;🕊️;Pale Dove;Pet;1;0;2;1;0;0;0;Symbol of Peace;Carries hope in every flap.<br>;Follows your shadow.

Wildland Meadows;🐐;Wild Goat;Standard;2;1;1;0;10;0;0;Wild Beast;Capable of unfortunate headbutts.<br>;Impaled by its horns.
Wildland Meadows;🦫;Timber Terror;Standard;2;1;1;0;2;0;0;Wild Beast;Chomps anything in its reach.<br>;Dragged you to a dam of bones.
Wildland Meadows;🦃;Frenzied Turkey;Standard;2;1;1;0;10;0;0;Domestic Animal;Goes straight for the ankles.<br>;Defeated by an angry bird.
Wildland Meadows;🐓;Raging Cock;Standard;2;1;2;0;10;0;0;Crazed Animal;Looks funny\ but better don't underestimate it.<br>;Got your brain pecked out.
Wildland Meadows;🐑;Annoyed Sheep;Standard;2;0;1;0;10;0;0;Domestic Animal;Better not underestimate this one.<br>;Head-butted to death.
Wildland Meadows;🦥;Chill Sloth;Standard;2;0;1;1;1;0;0;Innocent Critter;Leave him be\ he means no harm!<br>;Oh\ that is really unfortunate.

Wildland Meadows;🦨;Sneaky Skunk;Toxic;2;0;2;0;1;0;0;Wild Animal;Sprays a foul cloud whenever spooked.<br>;Suffered a terrible stench.
Wildland Meadows;🦔️;Shy Hedgehog;Stingy;1;0;1;1;0;0;0;Innocent Critter;Leave him be\ he means no harm!<br>;Ouch\ that stings!
Wildland Meadows;🐝;Stray Bee;Stingy;1;1;1;0;-1;0;0;Confused Insect;Flies in a weird pattern.<br>;Ouch\ that stings!

Wildland Meadows;🦆;Aggressive Duck;Swift;1;1;2;0;0;0;0;Wild Animal;Goes straight for the ankles.<br>;Defeated by an angry bird.
Wildland Meadows;🐄;Grazing Cow;Heavy;3;0;1;0;1;0;0;Domestic Animal;Does not let anyone too close.<br>;Impaled by its horns.
Wildland Meadows;🦌;Grazing Deer;Heavy;2;0;2;0;3;0;0;Wild Animal;Getting ready for some ramming.<br>;Rammed till the last breath.

Wildland Meadows;🪿;Untitled Goose;Boss-Pet;1;1;3;0;2;0;0;Feathered Menace;Peace was never an option.<br>;Honked its way into your party.
Wildland Meadows;🦢;Pond Queen;Boss-Standard;2;2;2;0;3;0;0;Feathered Fury;Looks calm\ but might surprise you.<br>;Choked by the long neck.
Wildland Meadows;🦅;Sky Tyrant;Boss-Swift;1;3;1;0;3;0;0;Winged Horror;Aims straight for your eyes.<br>;Talons tore your throat apart.
Wildland Meadows;🐍;Venomous Viper;Boss-Swift;1;3;1;0;-1;0;0;Fearsome Reptile;Fast\ precise and extremely deadly.<br>;Got injected with deadly venom.
Wildland Meadows;🦡;Honey Badger;Boss-Swift;2;2;2;0;4;0;0;Wild Animal;Fierce\ vigorous and witty.<br>;Got freaking destroyed.
Wildland Meadows;🐏;Alpha Ram;Boss-Heavy;3;1;1;0;2;0;0;Wild Animal;Getting ready for some ramming.<br>;Rammed till releasing the last breath.
Wildland Meadows;🦬;Risky Bison;Boss-Heavy;3;2;1;0;3;0;0;Wild Animal;Loud stomps follow its steps.<br>;Suffered a fatal blunt trauma.
Wildland Meadows;🐗;Mama Warthog;Boss-Heavy;2;2;1;0;-1;0;0;Wild Animal;Gets more nervous as you approach.<br>;Got torn apart by tusks.
Wildland Meadows;🐂;Tired Bull;Boss-Heavy;3;0;1;0;1;0;0;Domestic Animal;Does not give a damn anymore.<br>;Got impaled by both horns at once.
