area;emoji;name;type;hp;atk;sta;lck;int;mgk;note;desc;message

//Wildland Meadows;
Wildland Meadows;🌿;Fern Patch;Prop;0;0;0;0;0;0;Wild Flora;Good place to catch a breath.<br>;Crossed right through.
Wildland Meadows;🌾;Tall Weeds;Prop;0;0;0;0;0;0;Dense Flora;Thick growth covers the way forward.<br>;Crossed right through.
Wildland Meadows;🌱;Fresh Growth;Prop;0;0;0;0;0;0;Wild Flora;Good place to catch a breath.<br>;
Wildland Meadows;🌾;Thick Reeds;Prop;0;0;0;0;0;0;Dense Flora;Thick growth covers the way forward.<br>;Crossed right through.
Wildland Meadows;🌿;Fern Thicket;Prop;0;0;0;0;0;0;Wild Flora;Good place to catch a breath.<br>;Crossed right through.
Wildland Meadows;🪺;Abandoned Nest;Container;0;0;0;0;0;0;Wildlife Creation;Unattended nest with something inside.<br>;There was something inside indeed.
Wildland Meadows;🌱;Potato Field;Container;0;0;0;0;0;0;Wild Flora;Good place to catch a breath.<br>;Crossed right through.
Wildland Meadows;🍁;Leaf Pile;Container;0;0;0;0;0;0;Possible Stash;This heap might be hiding something.<br>;There was something hidden inside.
Wildland Meadows;🍂;Fallen Leaves;Container;0;0;0;0;0;0;Possible Stash;This heap might be hiding something.<br>;There was something hidden inside.
Wildland Meadows;🍁;Big Leaf Pile;Container-2;0;0;0;0;0;0;Possible Stash;This heap might be hiding something.<br>;There was something hidden inside.
Wildland Meadows;🍂;Fallen Leaves Pile;Container-2;0;0;0;0;0;0;Possible Stash;This heap might be hiding something.<br>;There was something hidden inside.
Wildland Meadows;🪤;Primitive Animal Trap;Container-2;0;0;0;0;0;0;Makeshift Trap;Something could be captured inside.<br>;There was something inside indeed.
Wildland Meadows;🏕️;Simple Tent;Container-3;0;0;0;0;0;0;Survival Tool;Strange noises are coming out.<br>;Decided to investigate the tent.
Wildland Meadows;🏕️;Primitive Tent;Container-3;0;0;0;0;0;0;Temporary Home;Strange noises are coming out.<br>;Decided to investigate the tent.
Wildland Meadows;🏕️;Abandoned Campsite;Container-3;0;0;0;0;0;0;Temporary Home;Strange noises are coming out.<br>;Decided to investigate the tent.
Wildland Meadows;🌳;Oak Grove;Container-3;0;0;0;0;0;0;Tall Flora;This palce sounds way too quiet.<br>;
Wildland Meadows;🌲;Spurce Grove;Container-3;0;0;0;0;0;0;Tall Flora;It's harder to navigate between the trees.<br>;
Wildland Meadows;🌊;Small Pond;Fishing;0;0;0;0;0;0;Water Body;Waves are dancing on the surface.<br>;
Wildland Meadows;🪷;Quiet Pond;Fishing;0;0;0;0;0;0;Water Body;Full of beautiful water lilies.<br>;

Wildland Meadows;🍀️;Clover Growth;Altar;0;0;0;1;0;0;Safe Place;Surrounded by four-leaf clovers.<br>;Feels kinda more lucky.
Wildland Meadows;🖼️️;Abandoned Painting;Altar;0;0;0;0;1;0;Unfinished Art;Still deserves some basic admiration.<br>;Truly an interesting piece.

Wildland Meadows;💩;Steaming Pile;Trap-Attack;0;0;0;0;-2;0;Disgusting Stench;Terrible stench fills the air.<br>;Suffered nasty consequences.
Wildland Meadows;🕳️;Suspicious Hole;Trap;-1;0;0;0;0;0;Oddity;Cannot really see what is inside.<br>;Ouch! There are some hidden spikes.
Wildland Meadows;🕸️;Blursed Web;Trap-Roll;-1;0;0;3;0;0;Inconvenience;Pass with care to avoid getting stuck.<br>;Got some webs on their face.

Wildland Meadows;🪱;Small Worm;Small;1;0;0;0;-1;0;Arthropod;Makes a perfect fishing bait.<br>;
Wildland Meadows;🪱;Tiny Worm;Small;1;0;0;0;-1;0;Arthropod;Makes a perfect fishing bait.<br>;
Wildland Meadows;🪱;Confused Worm;Small;1;0;0;0;-1;0;Arthropod;Makes a perfect fishing bait.<br>;
Wildland Meadows;🪱;Panicked Worm;Small;1;0;1;0;-1;0;Arthropod;Spooked by the sudden sunlight.<br>;
Wildland Meadows;🪱;Rain Worm;Small;1;0;1;0;-1;0;Arthropod;Makes a perfect fishing bait.<br>;
Wildland Meadows;🪱;Earthworm;Small;1;0;1;0;-1;0;Arthropod;Makes a perfect fishing bait.<br>;
Wildland Meadows;🐛;Little Bug;Small;1;0;1;0;-1;0;Innocent Critter;Never hurt no one.<br>;
Wildland Meadows;🪰;Pesky Fly;Small;1;0;2;0;-1;0;Annoying Insect;Sits on skin again and again.<br>;Contracted a deadly disease.
Wildland Meadows;🐝;Stray Bee;Small;1;1;1;0;-1;0;Confused Insect;Flies in a weird pattern.<br>;There was nowhere to run.
Wildland Meadows;🦟;Pesky Mosqito;Small;1;1;2;0;-1;0;Annoying Insect;Sits on skin again and again.<br>;Contracted a deadly disease.
Wildland Meadows;🦗;Chirping Cricket;Small;1;0;3;0;-1;0;Annoying Insect;Makes annoying loud sounds.<br>;Got their head exploded by sound.
Wildland Meadows;🐜;Tiny Ant;Small;1;0;1;0;-1;0;Insect;Minds its own business.<br>;How could this happen?.
Wildland Meadows;🪳;Aggresive Cockroach;Small;1;1;1;0;-1;0;Annoying Insect;Carries a giant pair of mandibles.<br>;Contracted a deadly disease.
Wildland Meadows;🐌;Trailing Snail;Small;1;0;1;0;-1;0;Pelicular Insect;Harmless fella just trailing around.<br>;Choked themselves on snail ooze.
Wildland Meadows;🦔️;Scared Hedgehog;Small;1;0;2;0;0;0;Innocent Critter;He's no harm. Just let him be!<br>;Got a new travel buddy!
Wildland Meadows;🐿️;Greedy Chipmunk;Small;1;0;2;1;0;0;Wild Animal;Probably carries some nasty diseases.<br>;New buddy joined!
Wildland Meadows;🐞;Lovely Ladybug;Pet;1;0;1;1;0;0;Pelicular Insect;Tiny cute friend crawling around.<br>;Got a new travel buddy!
Wildland Meadows;🦎;Green Gecko;Pet;1;0;2;1;0;0;Beautiful Lizard;Chill fella just running around.<br>;Got a new travel buddy!
Wildland Meadows;🦦;Playful Otter;Pet;1;0;2;2;0;0;Wild Animal;Hyperactively snooping around.<br>;Got a new travel buddy!

Wildland Meadows;🐐;Wild Goat;Standard;2;1;1;0;10;0;Wild Beast;Produces a variety of unpleasant noises.<br>;Impaled by two horns at once.
Wildland Meadows;🦥;Young Sloth;Standard;2;0;1;0;-1;0;Innocent Critter;He's no harm. Just let him be!<br>;Got a new travel buddy!
Wildland Meadows;🐓;Enraged Cock;Standard;2;1;1;0;10;0;Crazed Animal;Better not underestimate it.<br>;Defeated by an angry bird.
Wildland Meadows;🦃;Frenzied Turkey;Standard;1;1;2;0;10;0;Domestic Animal;Goes straight for the ankles.<br>;Defeated by an angry bird.
Wildland Meadows;🦨;Forest Skunk;Swift;1;1;1;0;1;0;Wild Animal;Seems having lightning reflexes.<br>;Died of the horrendous stench.
Wildland Meadows;🐦‍⬛;Scared Crow;Swift;1;1;2;0;0;0;Wild Animal;Seems to have quick reflexes.<br>;Got both eyes pecked out.
Wildland Meadows;🦆;Protective Duck;Swift;2;1;1;0;0;0;Wild Animal;Quack was the first warning.<br>;Defeated by an angry bird.
Wildland Meadows;🐑;Annoyed Sheep;Heavy;2;1;1;0;10;0;Domestic Animal;Better not to underestimate.<br>;Head-butted to death.
Wildland Meadows;🐄;Grazing Cow;Heavy;2;1;1;0;1;0;Domestic Animal;Does not let anyone too close.<br>;Impaled by two horns at once.
Wildland Meadows;🐂;Grazing Ox;Heavy;2;1;1;0;2;0;Domestic Animal;Does not let anyone too close.<br>;Impaled by two horns at once.

Wildland Meadows;🐍;Venomous Snake;Boss-Swift;1;3;1;0;-1;0;Fearsome Reptile;Perfectly blends with the surroundings.<br>Almost stepped on it.;
Wildland Meadows;🪿;Untitled Goose;Boss-Swift;2;2;2;0;2;0;Vicious Beast;Peace was never an option.<br>;Absolutely honked to death!
Wildland Meadows;🦢;Fearsome Swan;Boss-Swift;3;2;2;0;10;0;Resolute Bird;Peace was really never an option.<br>;Defeated by an angry bird.
Wildland Meadows;🐏;Alpha Ram;Boss-Heavy;3;2;2;0;5;0;Wild Animal;Getting ready for ramming.<br>;Rammed till the last breath.
Wildland Meadows;🦌;Alpha Deer;Boss-Heavy;3;2;2;0;5;0;Wild Animal;Getting ready for ramming.<br>;Rammed till the last breath.
Wildland Meadows;🦬;Enraged Bison;Boss-Heavy;3;2;1;0;10;0;Wild Animal;Loud stomps follow its steps.<br>;Got stomped to death.
Wildland Meadows;🐂;Mighty Bull;Boss-Heavy;3;2;1;0;3;0;Domestic Animal;Looks fairly angry over something.<br>;Impaled by two horns at once.
Wildland Meadows;🐗;Warthog Alpha;Boss-Heavy;2;2;2;0;5;0;Wild Animal;Tusks all ready for action.<br>;Got totally torn apart.

Wildland Meadows;💐;Flower Bouquet;Item;0;0;0;0;3;0;Natural Beauty;Makes anyone look much friendlier.<br>Provides <b>+3 🧠 Intellect</b>.;Feels gooood maaan.
Wildland Meadows;🌷;Pink Tulip;Item;0;0;0;0;2;0;Natural Beauty;Brings pleasure whenever looked at.<br>Provides <b>+2 🧠 Intellect</b>.;Feels gooood maaan.
Wildland Meadows;🌸;Cherry Blossom;Item;0;0;0;2;0;0;Natural Beauty;Brings pleasure whenever looked at.<br>Provides <b>+2 🍀 Luck</b>.;Feels gooood maaan.
Wildland Meadows;🌻;Sun Flower;Item;1;0;0;0;0;0;Natural Beauty;Brings warmth whenever looked at.<br>Provides <b>+1 ❤️ Health</b>.;Feels gooood maaan.
Wildland Meadows;🌺;Red Flower;Item;0;0;0;0;1;0;Natural Beauty;Brings comfort whenever looked at.<br>Provides <b>+1 🧠 Intellect</b>.;Feels gooood maaan.
Wildland Meadows;🌼;Yellow Flower;Item;1;0;0;0;1;0;Natural Beauty;Brings comfort whenever looked at.<br>Provides <b>+1 🧠 Intellect</b>.;Feels gooood maaan.
Wildland Meadows;🌹;Prickly Rose;Item;-1;0;0;0;2;0;Forest Flora;Beautiful but has very sharp thorns.<br>Provides <b>+2 🧠 Intellect</b> for <b>-1 💔 Health</b>.;Ouch! It has sharp thorns
Wildland Meadows;🗺;A Lost Map;Item;0;0;1;0;0;0;Adventure Guide;Stumbled upon an unknown map.<br>Provides <b>+1 🟢 Energy</b>.;Enhanced their awareness.
Wildland Meadows;🪚;Rusty Saw;Item;0;1;0;0;0;0;Worn Tool;Perhaps could be of service.<br>Provides <b>+1 ⚔️ Attack</b>.;Obtained a makeshift weapon.
Wildland Meadows;🥾;Heavy Duty Boots;Item;0;0;1;0;0;0;Work Gear;Helps navigating tough terrain.<br>Provides <b>+1 🟢 Energy</b>.;The boots fit just perfectly.
Wildland Meadows;👒;Silly Hat;Item;0;0;0;2;0;0;Cringe Accessory;Silly hat for adventuous personalities.<br>Provides <b>+2 🍀 Luck</b>.;
Wildland Meadows;🧤;Riding Gloves;Item;0;0;1;0;0;0;Specialized Gear;Increases wearer's versatility.<br>Provides <b>+1 🟢 Energy</b>.;Ready for action
Wildland Meadows;🧣;Red Scarf;Item;1;0;0;0;0;0;Warming Accessory;Additional protection the your neck.<br>Provides <b>+1 ❤️ Health</b>.;Feels gooood maaan.
Wildland Meadows;🔔;Lucky Chime;Item;0;0;0;3;-1;0;Loud Trinket;Makes annoying sound anytime it moves.<br>Provides <b>+3 🍀 Luck</b> for <b>-1 🧠 Intellect</b>.;Hopefully this works
Wildland Meadows;☘️;Common Clover;Item;0;0;0;0;0;0;Wild Flora;Likely serves no actual purpose.<br>;
Wildland Meadows;📃;Dirty Pamphlet;Item;0;0;0;0;1;0;Scribbled Note;Provides <b>+1 🧠 Intellect</b> and insight.<br>n/a;Should help to remember.
Wildland Meadows;🗝️;Lost Key;Item;0;0;0;0;0;0;Junk;<b>🗝️ Unlocks</b> doors and containers.<br>;
Wildland Meadows;🗝️;Small Key;Item;0;0;0;0;0;0;Junk;<b>🗝️ Unlocks</b> doors and containers.<br>;
Wildland Meadows;🗝️;Shiny Key;Item;0;0;0;0;0;0;Junk;<b>🗝️ Unlocks</b> doors and containers.<br>;
Wildland Meadows;🗝️;Silver Key;Item;0;0;0;0;0;0;Junk;<b>🗝️ Unlocks</b> doors and containers.<br>;
Wildland Meadows;🗝️;Home Key;Item;0;0;0;0;0;0;Junk;<b>🗝️ Unlocks</b> doors and containers.<br>;
Wildland Meadows;🗝️;Brass Key;Item;0;0;0;0;0;0;Junk;<b>🗝️ Unlocks</b> doors and containers.<br>;

Wildland Meadows;🍒;Sweet Cherry Pair;Consumable;0;0;0;1;0;0;Fresh Fruit;Especially sweet and juicy.<br>Provides <b>+1 🍀 Luck</b>.;Refreshed and blessed
Wildland Meadows;🥕;Wild Carrot;Consumable;0;0;0;0;1;0;Vegetable;Packs plenty of vitamins.<br>Provides <b>+1 🧠 Intellect</b>.;Felt an actual difference
Wildland Meadows;🧅;Wild Onion;Consumable;1;0;0;0;0;0;Vegetable;Packs plenty of vitamins.<br>Provides extra <b>+1 ❤️ Health</b> temporarily.;Increased immunity
Wildland Meadows;🌽;Wild Corn;Consumable;0;0;0;0;0;0;Standard Crop;Just harvested crops never disappoints.<br>Restores <b>❤️ Health</b> and <b>🟢 Energy</b>.;
Wildland Meadows;🫛;Wild Peas;Consumable;0;0;0;0;0;0;Fresh Food;Packs a ton of vitamins.<br>Restores <b>❤️ Health</b> and <b>🟢 Energy</b>.;
Wildland Meadows;🍇;Grape Vine;Consumable;0;0;0;0;0;0;Fresh Fruit;Looks all shiny and juicy.<br>Restores <b>❤️ Health</b> and <b>🟢 Energy</b>.;
Wildland Meadows;🍓;Wild Strawberry;Consumable;0;0;0;0;0;0;Fresh Fruit;Looks all shiny and juicy.<br>Restores <b>❤️ Health</b> and <b>🟢 Energy</b>.;
Wildland Meadows;🫐;Wild Blueberry;Consumable;0;0;0;0;0;0;Fresh Fruit;Looks all shiny and juicy.<br>Restores <b>❤️ Health</b> and <b>🟢 Energy</b>.;
Wildland Meadows;🍎;Wild Apple;Consumable;0;0;0;0;0;0;Fresh Fruit;Looks all shiny and juicy.<br>Restores <b>❤️ Health</b> and <b>🟢 Energy</b>.;
Wildland Meadows;🍐;Wild Pear;Consumable;0;0;0;0;0;0;Fresh Fruit;Looks all shiny and juicy.<br>Restores <b>❤️ Health</b> and <b>🟢 Energy</b>.;
Wildland Meadows;🥚;Chicken Egg;Consumable;0;0;0;0;0;0;Fresh Fruit;Probably tastes better cooked.<br>Restores <b>❤️ Health</b> and <b>🟢 Energy</b>.;
Wildland Meadows;🥚;Bird Egg;Consumable;0;0;0;0;0;0;Fresh Fruit;Probably tastes better cooked.<br>Restores <b>❤️ Health</b> and <b>🟢 Energy</b>.;

//Forsaken Village
Forsaken Village;🌿;Grass Patch;Prop;0;0;0;0;0;0;Wild Flora;Good place to catch a breath.<br>;Crossed right through.
Forsaken Village;🌿;Short Grass;Prop;0;0;0;0;0;0;Wild Flora;Good place to catch a breath.<br>;Crossed right through.
Forsaken Village;🌾;Tall Grass;Prop;0;0;0;0;0;0;Dense Flora;Thick growth covers the way forward.<br>;Crossed right through.
Forsaken Village;🪧;Danger Sign;Prop;0;0;0;0;0;0;Warning;<i>Turn back if you wish to live!</i><br>;
Forsaken Village;🌱;Grass Patch;Prop;0;0;0;0;0;0;Soft Surface;Good place to catch a breath.<br>;
Forsaken Village;🌳;Apple Tree;Container;0;0;0;0;0;0;Natural Resource;A fruit tree in a middle of the village.<br>;
Forsaken Village;🪵;Chopped Timber;Prop;0;0;0;0;0;0;Traces of Work;Nothing of particular interest<br>;
Forsaken Village;🪵;Pile of Wood;Prop;0;0;0;0;0;0;Traces of Work;Nothing of particular interest<br>;
Forsaken Village;🪨;Stone Wall;Prop;0;0;0;0;0;0;Ruins;Nothing of particular interest.<br>;
Forsaken Village;🪨;Pile of Stone;Prop;0;0;0;0;0;0;Ruins;Nothing of particular interest.<br>;
Forsaken Village;🧱;Rubble Pile;Prop;0;0;0;0;0;0;Ruins;Nothing but junk.<br>;
Forsaken Village;🧱;Bricks Pile;Prop;0;0;0;0;0;0;Ruins;Nothing but junk.<br>;
Forsaken Village;🌳;Lone Tree;Prop;0;0;0;0;0;0;Tall Flora;Nothing of particular interest.<br>;
Forsaken Village;🪜;Wooden Ladder;Prop;0;0;0;0;0;0;Abandoned Tool;Dropped in the middle of nowhere.<br>;
Forsaken Village;🛏️;Ruined Bed;Prop;0;0;0;0;0;0;Battle-scarred Furniture;Looks long time abandoned.<br>;Avoided a pile of rubbish.
Forsaken Village;🪑;Burnt Chair;Prop;0;0;0;0;0;0;Battle-scarred Furniture;Dropped in the middle of nowhere.<br>;Moved past that.

Forsaken Village;🪨;Building Rubble;Container;0;0;0;0;0;0;Building Debris;Bunch of stones lying around.<br>;Lifted the nearest boulder.
Forsaken Village;🧱;Brick Wall Remains;Container;0;0;0;0;0;0;Material;One of the bricks seems loose.<br>;Lifted the bricks.
Forsaken Village;🌾;Thick Reeds Patch;Container;0;0;0;0;0;0;Dense Flora;Tall growth covers the way forward.<br>;Crossed right through.
Forsaken Village;🪵;Wooden Logs Pile;Container;0;0;0;0;0;0;Traces of Work;There seems to be something stuck.<br>;Lifted one of the logs.
Forsaken Village;🌿;Fern Thicket Patch;Container;0;0;0;0;0;0;Soft Surface;Looks like somethings is hidden there.<br>;Searched through the fern.
Forsaken Village;🌿;Thick Grass Patch;Container;0;0;0;0;0;0;Wild Flora;Good place to catch a breath.<br>;Crossed right through.
Forsaken Village;🌳;Suspicious Tree;Container;0;0;0;0;0;0;Wild Flora;There's a strange shadow behind.<br>;There was something behind the tree.
Forsaken Village;🧺;Lost Picnic Basket;Container;0;0;0;0;0;0;Container;Someone must have lost it here.<br>;
Forsaken Village;🪴;Thriving Plant Pot;Container;0;0;0;0;0;0;Decoration;Makes this place kinda peaceful.<br>;

Forsaken Village;🪤;Elaborate Animal Trap;Container-2;0;0;0;0;0;0;Trap;Something could be captured inside.<br>;There was something inside!
Forsaken Village;🏚️;Long Abandoned Home;Container-2;0;0;0;0;0;0;Deserted Building;Barely holds standing.<br>;Entered through the window.
Forsaken Village;🏚️;Barred House;Container-2;0;0;0;0;0;0;Deserted Building;Looks long time abandoned.<br>;Kicked the door open.
Forsaken Village;🏡;Small House;Container-2;0;0;0;0;0;0;Deserted Building;Looks long time abandoned.<br>;Kicked the door open.
Forsaken Village;🏚️;Ruined Tool Shed;Container-2;0;0;0;0;0;0;Deserted Building;Looks long time abandoned.<br>;Kicked the door open.
Forsaken Village;🏚️;Ruined Building;Container-2;0;0;0;0;0;0;Deserted Building;Strange noises are coming out.<br>;Entered through the window.
Forsaken Village;🏚️;Ruined Home;Container-2;0;0;0;0;0;0;Deserted Building;Strange noises are coming out.<br>;Entered through the window.

Forsaken Village;🏚️;Big House Ruins;Container-3;0;0;0;0;0;0;Deserted Building;Strange noises are coming out.<br>;Entered through the window.
Forsaken Village;🏚️;Ruined Family House;Container-3;0;0;0;0;0;0;Deserted Building;Seems abandoned in a rush.<br>;Kicked the door open.
Forsaken Village;🏚️;Unsettling Building Ruins;Container-3;0;0;0;0;0;0;Deserted Building;Looks long time abandoned.<br>;Kicked the door open.
Forsaken Village;🏚️;Old Neglected House;Container-3;0;0;0;0;0;0;Deserted Building;Looks long time abandoned.<br>;Kicked the door open.
Forsaken Village;🏚️;Unsettling Building;Container-3;0;0;0;0;0;0;Deserted Building;There are blood drops leading outside.<br>;Kicked the door open.
Forsaken Village;🏡;Fancy Garden House;Container-3;0;0;0;0;0;0;Deserted Building;Looks long time abandoned.<br>;Kicked the door open.

Forsaken Village;🏚️;Locked Ruin;Locked-Container-3;0;0;0;0;0;0;Deserted Building;Strange noises are coming out.<br>;Unlocked the front door.
Forsaken Village;🏚️;Secured House;Locked-Container-3;0;0;0;0;0;0;Deserted Building;There are blood drops leading outside.<br>;Unlocked the chained door.
Forsaken Village;🏚️;Barred House;Locked-Container-3;0;0;0;0;0;0;Deserted Building;There are blood drops leading outside.<br>;Unlocked the entrance.
Forsaken Village;🏡;Garden Shed;Locked-Container-3;0;0;0;0;0;0;Deserted Building;Looks long time abandoned.<br>;Unlocked the front door.

Forsaken Village;🎯;Archery Range;Container-4;0;0;0;0;0;0;Training Spot;Not a scratch on the target.<br>;Spot some clues nearby.
Forsaken Village;🕰️;Clockhouse Tower;Container-4;0;0;0;0;0;0;Deserted Building;Strange noises are coming out.<br>;Entered through the window.
Forsaken Village;🏫;Town Hall;Container-4;0;0;0;0;0;0;Deserted Building;Strange noises are coming out.<br>;Entered through the window.
Forsaken Village;💒;Lovely Chapel;Container-4;0;0;0;0;0;0;Deserted Building;Strange noises are coming out.<br>;Entered through the window.
Forsaken Village;🏘️;Shady Backalley;Container-4;0;0;0;0;0;0;Deserted Building;Strange noises are coming out.<br>;Entered through the window.

Forsaken Village;🏯️;Oriental Villa;Container-5;0;0;0;0;0;0;Deserted Building;There are blood drops leading outside.<br>;Kicked the door open.
Forsaken Village;🏰;Ancient Castle;Container-5;0;0;0;0;0;0;Deserted Building;There are blood drops leading outside.<br>;Kicked the door open.
Forsaken Village;️🕍;Deserted Cathedral;Container-5;0;0;0;0;0;0;Deserted Building;There are blood drops leading outside.<br>;Kicked the door open.
Forsaken Village;🛕;Cult Monument;Container-5;0;0;0;0;0;0;Deserted Building;There are blood drops leading outside.<br>;Kicked the door open.
Forsaken Village;🕌;Opulent Temple;Container-5;0;0;0;0;0;0;Deserted Building;Strange noises are coming out.<br>;Entered through the window.

Forsaken Village;⛲️;Freshwater Fountain;Fishing;0;0;0;0;0;0;Water Body;Full of pristine cold water.<br>;
Forsaken Village;🪷;Lovely Pond;Fishing;0;0;0;0;0;0;Water Body;Full of beautiful water lilies.<br>;
Forsaken Village;🫧;Murky Puddle;Fishing;0;0;0;0;0;0;Water Body;Smells absolutely terrible.<br>;
Forsaken Village;🌊;Sparkling Pond;Fishing;0;0;0;0;0;0;Water Body;Waves are dancing on the surface.<br>;

Forsaken Village;👁️‍🗨️;Haunting Echo;Curse;0;0;0;0;-1;0;Misfortune;Eerie whispers are echoing around.<br>;Suffered mental damage.
Forsaken Village;🎶;Everlasting Melody;Curse;0;0;0;0;-1;0;Misfortune;Intrusive thoughts take over involuntarily.<br>;Never gonna give that up.
Forsaken Village;🫀;Heart Attack;Curse;-1;0;0;0;0;0;Health Condition;Uncomfortable pressure is filling the chest.<br>;Suffered permanent damage.

Forsaken Village;💩;Steaming Pile;Trap-Attack;0;0;0;0;-2;0;Disgusting Stench;Terrible stench fills the air.<br>;Suffered nasty consequences.
Forsaken Village;🍌;Banana Peel;Trap-Roll;-1;0;0;0;0;0;Garbage;Slippery when stepped on.<br>;Slipped and hit their head
Forsaken Village;🔥;Burning Pile;Trap-Attack;-3;0;0;0;0;0;Disaster;The fire is spreading all around.<br>;Burned alive screaming
Forsaken Village;🕸️;Spider Web;Trap-Roll;-1;0;0;0;0;0;Inconvenience;Better not release the contents.<br>;Got some webs on their face
Forsaken Village;🫙;Fart in a Jar;Trap-Attack;-2;0;0;0;0;0;Garbage;Better not release the contents.<br>;Oops the lid came off

Forsaken Village;🔱;Altar of Hatred;Altar;-1;0;0;0;0;1;Ritual Place;There's a blood on the surface.<br>;Received a dark boon
Forsaken Village;🕯️;Demonic Shrine;Altar;0;1;0;-3;0;0;Ritual Place;Remnants of a cultist ritual.<br>;Dealt with the Devil
Forsaken Village;🕯️;Prayer Candle;Altar;0;0;0;2;0;0;Ritual Place;A memory of the lost ones.<br>;Prayed for the lost ones
Forsaken Village;📚;Pile of Books;Altar;0;0;0;0;2;0;Knowledge Source;Bunch of books with sacred texts.<br>;Gained deeper insight
Forsaken Village;☠️;Cult Altar;Altar;-1;0;0;0;0;1;Ritual Place;Sacrifice is still laying on the ground.<br>;Dealt with the Devil

Forsaken Village;🧸;Enchanted Teddy;Friend;0;0;0;0;0;1;Speaking Toy;Looks like it has something to say.<br>;Revealed its magical secret
Forsaken Village;🦉;Kinda Judging Owl;Friend;0;0;0;0;1;0;Prophet;Proposes interaction throug direct eye contact.<br>n/a;Had a nice conversation
Forsaken Village;🐢;Elder Turtle Pope;Friend;0;0;0;2;0;0;Unusal Critter;Boasts glorious magical abilities.<br>;Blessed by the Turtle Pope
Forsaken Village;🐇;Master Hop Hop;Friend;0;0;0;0;1;0;Friendly Critter;Might give you a lecture on life.<br>;Gained rabbit's insight
Forsaken Village;🐖;Very Cursed Being;Friend;0;0;0;0;1;0;Prophet;Hear the wise words coming from its mouth.<br>n/a;Better than being alone

Forsaken Village;🦤;Altruistic Dodo;Container-Friend;0;0;0;0;1;0;Unusal Critter;Usually known for being selfish.<br>;Willingly shared some loot.
Forsaken Village;🦝;Raccoon Ambassador;Container-Friend;0;0;0;0;1;0;Representative;Brings a special gift.<br>;Strenghtened the interspecies bond.
‍Forsaken Village;🧖🏻‍♀️;Heavenly Angel;Container-Friend;0;0;0;0;0;0;Supernatural Being;Has understanding for all and everyone.<br>;Received a precious gift.

Forsaken Village;🐈‍⬛;Black Cat;Pet;1;1;2;-1;0;0;Cute Animal;These usually bring bad luck.<br>;Yeah it is bad luck
Forsaken Village;🦝;Velvet Bandit;Pet;2;1;2;0;0;0;Wild Robber;Probably has a heart of gold.<br>;New buddy joined the gang
Forsaken Village;🐈;Friendly Cat;Pet;1;0;1;1;0;0;Cute Animal;Wants to initiate a contact.<br>;Received a purrfect blessing
Forsaken Village;🐥;Needy Chick;Pet;1;-1;1;0;-1;0;Cute Animal;Constantly peeps and runs around.<br>;Cannot concentrate anymore
Forsaken Village;🐩;Lost Doggo;Pet;1;1;1;0;0;0;Good Boy;Looks cute as hell.<br>;Became best friends!
Forsaken Village;🐕;Shiba Doge;Pet;1;1;2;0;0;0;Good Boy;These are super rare.<br>;Doge joined the party
Forsaken Village;🐎;Lucky Stallion;Pet;3;0;3;2;0;0;Wild Animal;Made for racing the wind.<br>;Got a new travel buddy!

Forsaken Village;🪱;Worm;Small;1;0;0;0;-1;0;Arthropod;Spooked by the sunlight.<br>;
Forsaken Village;🪱;Tiny Worm;Small;1;0;0;0;-1;0;Arthropod;Makes a perfect fishing bait.<br>;
Forsaken Village;🪱;Confused Worm;Small;1;0;0;0;-1;0;Arthropod;Makes a perfect fishing bait.<br>;
Forsaken Village;🪱;Earthworm;Small;1;0;0;0;-1;0;Arthropod;Makes a perfect fishing bait.<br>;
Forsaken Village;🪱;Fruit Worm;Small;1;0;0;0;-1;0;Arthropod;Makes a perfect fishing bait.<br>;
Forsaken Village;🪱;Fly Larva;Small;1;0;0;0;-1;0;Arthropod;Makes a perfect fishing bait.<br>;
Forsaken Village;🪱;Meatfly Larva;Small;1;1;1;0;-1;0;Harmless Insect;Seems angry of the disturbance.<br>;
Forsaken Village;🪱;Tapeworm;Small;1;1;1;0;-1;0;Arthropod;Makes a perfect fishing bait.<br>;
Forsaken Village;🪱;Thirsty Leech;Small;1;1;1;0;-1;0;Arthropod;Makes a perfect fishing bait.<br>;
Forsaken Village;🪱;Parasitic Maggot;Small;1;1;1;0;-1;0;Arthropod;Makes a perfect fishing bait.<br>;
Forsaken Village;🪰;Pesky Fly;Small;1;0;2;0;-1;0;Annoying Insect;Sits on skin again and again.<br>;Contracted a deadly disease.
Forsaken Village;🪳;Overgrown Cockroach;Small;2;1;1;0;-1;0;Annoying Insect;Carries a giant pair of mandibles.<br>;Contracted a deadly disease.
Forsaken Village;🐌;Trailing Snail;Small;1;0;1;0;-1;0;Pelicular Insect;It is harmless. Only leaving a sticky trail.<br>;Choked themselves on snail ooze.
Forsaken Village;🦔️;Scared Hedgehog;Small;2;0;2;0;0;0;Innocent Critter;He's no harm. Just let him be!<br>;Ouch! That was painful

Forsaken Village;🐀;Nasty Rat;Standard;2;1;2;0;-1;0;Dangerous Critter;Probably carries some nasty diseases.<br>;Contracted a deadly disease.
Forsaken Village;🐀;Starving Rat;Standard;2;2;1;0;-1;0;Dangerous Critter;Probably carries some nasty diseases.<br>;Contracted a deadly disease.
Forsaken Village;🐖;Starving Pig;Standard;2;2;1;0;10;0;Wild Beast;Produces a variety of unpleasant noises.<br>;Devoured alive by a pig.
Forsaken Village;🦝;Ferocious Coon;Standard;1;1;2;0;2;0;Rabid Animal;Kinda cute on the first glance.<br>;Died by contracting rabies.
Forsaken Village;🦫;Savage Beaver;Standard;2;2;1;0;2;0;Wild Animal;Does not look too friendly.<br>;Became a part of a beaver dam.
Forsaken Village;🧝‍♂️;Cultist Adept;Standard;2;1;2;0;3;0;Humanoid;On their way to exaltation.<br>;Got their heart ripped out!
Forsaken Village;🧑‍🌾;Cultist Slave;Recruit;2;1;1;0;1;0;Humanoid;Does not really have a choice.<br>;Got their heart ripped out!
Forsaken Village;🧝;Cultist Initiate;Recruit;2;1;2;0;2;0;Humanoid;Trying to prove themselves.<br>;Got their heart ripped out!

Forsaken Village;🥷;Cultist Guard;Swift;2;2;1;0;3;0;Humanoid;Searching for a sacrifice victim.<br>;Got their heart ripped out!
Forsaken Village;🦂;Fierce Scorpion;Swift;1;2;1;0;-1;0;Extremely Venomous;Dangerous tail ready for action.<br>;Deadly venom entered the body.
Forsaken Village;🐁;Albino Rat;Swift;2;1;2;0;10;0;Dangerous Critter;Rarely seen vermint variant.<br>;Contracted a deadly disease.
Forsaken Village;🦨;Aggresive Skunk;Swift;2;1;2;0;1;0;Wild Animal;Seems having lightning reflexes.<br>;Died of the horrendous stench.
Forsaken Village;🪡;Possesed Needle;Swift;1;1;1;1;-1;0;Deadly Tool;Whatever this is... it's scary.<br>;Got their holes sewn shut.

Forsaken Village;🧹;Possesed Broom;Demon;1;1;1;0;-1;0;Animated Object;Probably a spell gone wild.<br>;Embarrassed by a cleaning tool.
Forsaken Village;🐈‍⬛;Possesed Cat;Demon;1;2;1;1;-1;0;Terrifying Animal;These usually bring bad luck.<br>;Got bitten into artery.
Forsaken Village;☁️;Toxic Cloud;Spirit;1;0;1;0;-1;1;Unpleasant Odour;This is really nasty.<br>;Suffocated by a toxic gas.

Forsaken Village;🦹‍♀️;Cultist Fanatic;Boss-Swift;4;2;3;0;10;0;Humanoid;Furiously charging forward.<br>;Got their heart ripped out!
Forsaken Village;🤡;Cultist Madman;Boss-Standard;4;3;2;0;-1;0;Crazed Humanoid;Screams and laughs maniacally.<br>;Got totally devoured alive.
Forsaken Village;🐻;Fearsome Grizzly;Boss-Heavy;5;3;1;0;-1;0;Huge Beast;Packs a painful punch.<br>;Head slapped to the ground.

Forsaken Village;🎓;Scholar's Hat;Item;0;0;0;0;0;0;<b>Artifact</b>;<b>✏️ Experience</b> gains are <b>increased by 25%</b><br><i>Anyone looks way smarter wearing this.<i>;Already feeling wiser!
Forsaken Village;🥀;Weeping Rose;Item;-1;0;0;0;0;0;<b>Artifact</b>;Sacrifice -1 ❤️ for <b>🥀 Thorns Payback</b>.<br><b>Deal -1 💔 when hit</b> by any physical attack.;Obtained <b>🥀 Thorns Payback</b>.
Forsaken Village;🪶;Raptor Feather;Item;0;0;0;0;0;0;<b>Artifact</b>;Provides a new skill <b>⚡️ Quick Reflexes</b>.<br>33% chance to generate <b>🟢 Energy</b> on action.;Gained skill <b>⚡️ Quick Reflexes</b>.
Forsaken Village;🖤;Obsidian Pebble;Item;0;0;0;0;0;0;<b>Artifact</b>;Provides a new skill <b>🖤 Unbreakable</b>.<br><b>Resist +1 ⚔️ physical damage</b>.;Gained skill <b>🖤 Unbreakable</b>.
Forsaken Village;🫀;Backup Heart;Item;0;0;0;0;0;0;<b>Artifact</b>;Provides a new skill <b>💀 Cheat Death</b>.<br>Get a <b>second chance to live</b> upon dying.;Gained skill <b>💀 Cheat Death</b>.
Forsaken Village;🥻;Philosopher Toga;Item;0;0;0;0;0;0;<b>Artifact</b>;Provides a new skill <b>💭 Curious Thought</b>.<br>5% chance to <b>think and rest anywhere</b>.;Gained skill <b>💭 Curious Thought</b>.
Forsaken Village;⚖️;Offensive Scales;Item;0;0;0;0;0;0;<b>Artifact</b>;Trade <b>1/2 ❤️ Health</b> for that much <b>⚔️ Attack</b>.<br>;Traded <b>1/2 ❤️ Health</b> for <b>⚔️ Attack</b>.
Forsaken Village;🎲;Gambling Dice;Item;0;0;0;0;0;0;<b>Artifact</b>;Sacrifice <b>1/2 ❤️ Health</b> for <b>🎲 Pure Chance</b>.<br>33% chance to <b>resist physical damage</b>.;<b>Pure Chance</b> added for <b>1/2 ❤️ Health</b>.
Forsaken Village;🧵;Enchanted Line;Item;0;0;0;0;0;0;<b>Artifact</b>;33% chance to <b>keep the bait 🪱 when fishing</b>.<br>;Reinforced their fishing pole.
Forsaken Village;📦;Schrödinger's Box;Item;0;0;0;0;0;0;<b>Artifact</b>;Provides a new skill <b>📦 Dead or Alive</b>.<br>50% chance to <b>avoid death</b> on fatal hit.;Gained skill <b>📦 Dead or Alive</b>.
Forsaken Village;🛡️;Unstable Shield;Item;0;0;0;0;0;0;<b>Artifact</b>;Provides a new skill <b>🛡 Random Block</b>.<br>33% chance to <b>avoid physical damage</b>.;Gained skill <b>🛡 Random Block</b>.
Forsaken Village;🧂;Salt Shaker;Item;0;0;0;0;0;0;Artifact;Add a new option to <b>🧂 Add Salt</b> on food.<br>Add <b>+1 🟢 Energy</b> & remove negative effects.;Gained skill <b>🧂 Add Salt</b>.
Forsaken Village;🧪;Unknown Experiment;Item;0;0;0;0;0;0;<b>Questionable Drink</b>;<b>🧬 Polymorph</b> into a random creature.<br><i>Drink solely at your own risk.</i>;Something feels different.
Forsaken Village;🀄️;Life-Stealing Rune;Item;0;0;0;0;0;0;<b>Artifact</b>;Melee <b>⚔️ Attacks</b> have 33% chance<br> to restore <b>+1 ❤️ Health</b> on a successful hit.;

Forsaken Village;🃏;Tarot Card — Fool;Item;0;0;0;4;-2;0;Destiny Echo;Sacrifice <b>-2 🧠 Intellect</b> for <b>+4 🍀 Luck</b>.<br>;<b>Fool</b> card embraced
Forsaken Village;🃏;Tarot Card — Lover;Item;2;0;0;0;-4;0;Destiny Echo;Sacrifice <b>-4 🧠 Intellect</b> for <b>+2 ❤️ Health</b>.<br>;<b>Lover</b> card embraced
Forsaken Village;🃏;Tarot Card — Mage;Item;0;-1;0;0;0;2;Destiny Echo;Sacrifice <b>-1 ⚔️ Attack</b> for <b>+2 🔵 Mana</b>.<br>;<b>Mage</b> card embraced
Forsaken Village;🃏;Tarot Card — Berserk;Item;0;2;0;0;-4;0;Destiny Echo;Sacrifice <b>-4 🧠 Intellect</b> for <b>+2 ⚔️ Attack</b>.<br>;<b>Berserk</b> card embraced

Forsaken Village;🪓;Steel Axe;Item;0;2;0;0;0;0;Makeshift Weapon;Definitely could be of service.<br>Provides <b>+2 ⚔️ Damage</b>.;Obtained a makeshift weapon.
Forsaken Village;📔;Mythical Tales;Item;0;0;0;0;1;1;Unusual Book;Ancient tome containing various incantations.<br>Provides <b>+1 🧠 Intellect and +1 🔵 Mana</b>.;Learned plenty of stuff
Forsaken Village;📒;Survival 101;Item;1;0;1;0;0;0;Knowledge Book;Provides <b>+1 ❤️ Health</b> and <b>+1 🟢 Energy</b>.<br>n/a;Embraced the knowledge.
Forsaken Village;📓;Mushroom Atlas;Item;0;0;0;1;1;0;Encyclopedia;Describes various forest growth species.<br>Provides <b>+1 🧠 Intellect</b> and <b>+1 🍀 Luck</b>.;Embraced the knowledge.
Forsaken Village;👢;Riding Boots;Item;0;0;2;0;0;0;Specialized Gear;Enables better stability in action.<br>Provides <b>+2 🟢 Energy</b>.;Ready for action
Forsaken Village;👖;Work Trousers;Item;1;0;1;0;0;0;Specialized Gear;Versatile clothing with basic protection.<br>Provides <b>+1 ❤️ Health</b> and <b>+1 🟢 Energy</b>.;Ready for action
Forsaken Village;🥼;Scientific Cloak;Item;0;0;0;0;2;0;Specialized Gear;Makes the wearer look much smarter.<br>Provides <b>+2 🧠 Intellect</b>.;Ready for action
Forsaken Village;🧤;Grappling Gloves;Item;0;0;2;0;0;0;Specialized Gear;Makes the wearer more versatile.<br>Provides <b>+2 🟢 Energy</b>.;Ready for action
Forsaken Village;📿;Prayer Beads;Item;0;0;0;1;1;0;Sacred Trinket;Counting the beads clears ones mind.<br>Provides <b>+1 🧠 Intellect</b> and <b>+1 🍀 Luck</b>.;
Forsaken Village;🧸;Blessed Teddy;Item;0;0;0;2;0;0;Sacred Toy;Protects from malvolent spirits.<br>Provides <b>+2 🍀 Luck</b>.;
Forsaken Village;📘;Book of Spells;Item;0;0;0;0;0;2;Forbidden Text;Contains many spell-binding verses.</b><br>Provides <b>+2 🔵 Mana</b>.;Gained new magic power

Forsaken Village;🔪;Kitchen Knife;Item;0;1;0;0;0;0;Multi-tool;The blade still looks sharp.<br>Provides <b>+1 ⚔️ Damage</b>.;Surely makes a bloody mess.
Forsaken Village;🖋️;Fountin Pen;Item;0;1;0;0;0;0;Multi-tool;The tip surely looks very sharp.<br>Provides <b>+1 ⚔️ Damage</b>.;Surely makes a bloody mess.
Forsaken Village;🔧;Hefty Spanner;Item;0;1;0;0;0;0;Multi-tool;Usable as a makeshift weapon.<br>Provides <b>+1 ⚔️ Damage</b>.;Could make a bloody mess.
Forsaken Village;🪛;Rusty Screwdiver;Item;0;1;0;0;0;0;Writing Tool;Almost seems designed for stabbing.<br>Provides <b>+1 ⚔️ Damage</b>.;Let's make a bloody mess.
Forsaken Village;🏹;Cursed Bow;Item;-1;1;0;0;0;0;Malevolent Weapon;Requires handling with care.<br>Provides <b>+1 ⚔️ Damage</b> for <b>-1 💔 Health</b>.;Shot an arrow in the knee!
Forsaken Village;🔨;Hefty Hammer;Item;0;1;-1;0;0;0;Makeshift Weapon;Very heavy to carry around and swing with.<br>Provides <b>+1 ⚔️ Damage</b> for <b>-1 🟢 Energy</b>.;Tiring to carry.
Forsaken Village;📗;Camping Instructions;Item;0;0;1;0;0;0;Survival Manual;Explains essential survival instincts.<br>Provides <b>+2 🟢 Energy</b>.;Embraced the new knowledge.
Forsaken Village;📕;First Aid Instructions;Item;1;0;0;0;0;0;Instructions Book;Contains instructions on how to save a life.<br>Provides <b>+1 ❤️ Health</b>.;Embraced the new knowledge.
Forsaken Village;🧢;Clever Hat;Item;0;0;0;0;1;0;Unusal Headgear;Makes one look quite determined.<br>Provides <b>+1 🧠 Intellect</b>;Let's do this!
Forsaken Village;🔖;Strange Prophecy;Item;0;0;0;0;1;0;Note;Provides <b>+1 🧠 Intellect</b> and insight.<br>n/a;Embraced the new knowledge.
Forsaken Village;📃;Dirty Pamphlet;Item;0;0;0;0;1;0;Scribbled Note;Provides <b>+1 🧠 Intellect</b> and insight.<br>n/a;Should help to remember.
Forsaken Village;💌;Spicy Letter;Item;1;0;0;0;0;0;Lost Message;Haven't found the original recipient.<br>Provides <b>+1 ❤️ Health</b>.;Felt strange to put into pocket
Forsaken Village;📓;Cultist Notes;Item;0;0;0;-3;0;1;Ritual Book;Contains endless pages of nonsense gibberish.<br>Provides <b>+1 🔵 Mana</b> for <b>-3 🍀 Luck</b>.;Eternal presence seen that.
Forsaken Village;📔;Philosopher Journal;Item;0;0;0;0;1;0;Notes;Provides <b>+1 🧠 Intellect</b> and insight.<br>n/a;Embraced the knowledge.
Forsaken Village;🏷️;Remembrance Tag;Item;0;0;0;0;1;0;Scribbled Note;Provides <b>+1 🧠 Intellect</b> and insight.<br>n/a;Should help to remember.
Forsaken Village;🗝️;Iron Key;Item;0;0;0;0;0;0;Junk;<b>🗝️ Unlocks</b> doors and containers.<br>;
Forsaken Village;🗝️;Bloody Key;Item;0;0;0;0;0;0;Junk;<b>🗝️ Unlocks</b> doors and containers.<br>;
Forsaken Village;🗝️;Rusty Key;Item;0;0;0;0;0;0;Junk;<b>🗝️ Unlocks</b> doors and containers.<br>;

Forsaken Village;🪮;Hair Brush;Item;0;0;0;0;0;0;Junk;No practical use to a warrior.<br>;
Forsaken Village;🥄;Bent Spoon;Item;0;0;0;0;0;0;Junk;Perhaps the special shape is by design.<br>;
Forsaken Village;🧦;Worn Socks;Item;0;0;0;0;0;0;Junk;Dirty and full of holes.<br>;
Forsaken Village;🧶;Cotton Ball;Item;0;0;0;0;0;0;Common Object;Must have been lost recently.<br>;
Forsaken Village;👠;Princess Shoe;Item;0;0;0;0;0;0;Junk;Likely belongs to a beautiful girl.<br>;
//;Forsaken Village;🛷;Snow Sled;Item;0;0;-1;0;0;0;Garbage;No reason to carry this anywhere.<br>;It's heavy and useless

Forsaken Village;🥠;Fortune Cookie;Consumable;0;0;0;1;0;0;Edible Prophecy;Provides guidance and <b>+1 🍀 Luck</b>.<br>n/a;Spit out the paper
Forsaken Village;🥦;Broccoli;Consumable;0;0;0;0;1;0;Vegetable;Packs a ton of vitamins.<br>Provides <b>+1 🧠 Intellect</b>.;Felt an actual difference
Forsaken Village;🍷;Sour Wine;Consumable;0;0;3;0;-1;0;Stale Delicacy;Wonder how it tastes and feels?<br>Temporary <b>+3 🟢 Energy</b> for <b>-1 🧠 Intellect.;Was it worth it?
Forsaken Village;🌶️;Jalapeño;Consumable;-1;0;3;0;0;0;Fresh Fruit;Too hot to handle but boosts energy.<br>Temporary <b>+3 🟢 Energy</b> for <b>-1 💔 Damage.</b>;Burned down the throat
Forsaken Village;🍪️;Cinnamon Cookie;Consumable;1;0;0;0;0;0;Lovely Treat;Baked with extra care and love.<br>Provides extra <b>+1 ❤️ Health</b> temporarily.;Tasted just awesome
Forsaken Village;🍰;Strawberry Cake;Consumable;1;0;0;0;0;0;Lovely Treat;Baked with extra care and love.<br>Provides extra <b>+1 ❤️ Health</b> temporarily.;Tasted just awesome
Forsaken Village;🥩;Fresh Venison;Consumable;-1;0;0;0;0;0;Raw Meat;Not safe to eat without cooking first.<br>;That was just disgusting
Forsaken Village;🐟;Smelly Tuna;Consumable;-1;0;0;0;0;0;Rotten Fish;Does not look appealing at all.<br>;Ugh. That tasted terrible
Forsaken Village;🥣;Unfinished Bowl;Consumable;0;0;-3;0;0;0;Someone's Breakfast;Must have been here for weeks.<br>;Ugh. That tasted terrible

Forsaken Village;🍅;Sweet Tomato;Consumable;0;0;0;0;0;0;Actually a Fruit;Packs a ton of vitamins.<br>Restores <b>❤️ Health</b> and <b>🟢 Energy</b>.;
Forsaken Village;🍎;Ripe Apple;Consumable;0;0;0;0;0;0;Fresh Fruit;Looks all shiny and juicy.<br>Restores <b>❤️ Health</b> and <b>🟢 Energy</b>.;
Forsaken Village;🥐;Croissaint;Consumable;0;0;0;0;0;0;Snack;Still suspiciously fresh.<br>Restores <b>❤️ Health</b> and <b>🟢 Energy</b>.;
Forsaken Village;🥨;Salty Pretzel;Consumable;0;0;0;0;0;0;Snack;Still suspiciously fresh.<br>Restores <b>❤️ Health</b> and <b>🟢 Energy</b>.;
Forsaken Village;🥖;Herb Baguette;Consumable;0;0;0;0;0;0;Snack;Still suspiciously fresh.<br>Restores <b>❤️ Health</b> and <b>🟢 Energy</b>.;
Forsaken Village;🍞;Basic Bread;Consumable;0;0;0;0;0;0;Snack;Still suspiciously fresh.<br>Restores <b>❤️ Health</b> and <b>🟢 Energy</b>.;
Forsaken Village;🍑;Juicy Peach;Consumable;0;0;0;0;0;0;Fresh Fruit;Looks all shiny and juicy.<br>Restores <b>❤️ Health</b> and <b>🟢 Energy</b>.;

//Deprived Fairyland
Deprived Fairyland;🌾;Tall Reeds;Prop;0;0;0;0;0;0;Dense Flora;Thick growth covers the way forward.<br>;Crossed right through.
Deprived Fairyland;🌾;Dense Reeds;Prop;0;0;0;0;0;0;Wild Flora;Thick growth covers the way forward.<br>;Crossed right through.
Deprived Fairyland;🌿;Thick Growth;Prop;0;0;0;0;0;0;Wild Flora;Good place to catch a breath.<br>;Crossed right through.
Deprived Fairyland;🌿;Fern Growth;Prop;0;0;0;0;0;0;Wild Flora;Good place to catch a breath.<br>;Crossed right through.
Deprived Fairyland;🌴;Palm Tree;Prop;0;0;0;0;0;0;Wild Flora;Good place to catch a breath.<br>;
Deprived Fairyland;🎋;Wild Bamboo;Prop;0;0;0;0;0;0;Jungle Flora;Good place to catch a breath.<br>;
Deprived Fairyland;🎋;Dense Growth;Prop;0;0;0;0;0;0;Jungle Flora;Good place to catch a breath.<br>;
Deprived Fairyland;☘️;Common Clover;Prop;0;0;0;0;0;0;Wild Flora;Good place to catch a breath.<br>;
Deprived Fairyland;☘️;Wild Clover;Prop;0;0;0;0;0;0;Common Flora;Good place to catch a breath.<br>;
Deprived Fairyland;🌻;Lonely Sunflower;Prop;0;0;0;0;0;0;Wild Flora;Stands tall all alone.<br>;
Deprived Fairyland;🪻;Hyacinth Patch;Prop;0;0;0;0;0;0;Wild Flora;Compelling smell fills the air.<br>;
Deprived Fairyland;🪻;Flower Growth;Prop;0;0;0;0;0;0;Wild Flora;Compelling smell fills the air.<br>;
Deprived Fairyland;🪹;Empty Nest;Prop;0;0;0;0;0;0;Deserted Home;Looks long time abandoned.<br>;
Deprived Fairyland;🪐;Clear Night;Prop;0;0;0;0;0;0;Weather Condition;Time for well deserved rest.<br>;
Deprived Fairyland;☀️;Warming Sunrise;Prop;0;0;0;0;0;0;Weather Condition;Time to set out for an adventure.<br>;
//;Deprived Fairyland;🎶;Distant Humming;Prop;0;0;0;0;0;0;Familiar Melody;Impossible to tell the source direction.<br>;

Deprived Fairyland;🏺;Painted Amphora;Container;0;0;0;0;0;0;Disturbing Scenery;Sends shivers down the spine.<br>;
Deprived Fairyland;🎶;Lovely Song;Container;0;0;0;0;0;0;Chill Vibes;Calls for lost souls to come.<br>;Continued towards the source.
Deprived Fairyland;🌿;Fern Thicket;Container;0;0;0;0;0;0;Soft Surface;Good place to catch a breath.<br>;Crossed right through.
Deprived Fairyland;🎋;Bamboo Growth;Container;0;0;0;0;0;0;Jungle Flora;Good place to catch a breath.<br>;
Deprived Fairyland;🧺;Picnic Basket;Container;0;0;0;0;0;0;Container;Someone must have lost it here.<br>;
Deprived Fairyland;🪻;Hyacinth Thicket;Container;0;0;0;0;0;0;Wild Flora;Compelling smell fills the air.<br>;
Deprived Fairyland;🕸;Spider Cocoon;Container;0;0;0;0;0;0;Someone's Lunch;Seems to have something inside.<br>;Grossed out by the sticky webs.
Deprived Fairyland;🪺;Unguarded Nest;Container;0;0;0;0;0;0;Opportunity;Whatever built this isn't far.<br>;
Deprived Fairyland;🍯;Sticky Honeypot;Container;0;0;0;0;0;0;Suspicious Container;Seems like a fine refreshment.<br>;Something has been revealed.

Deprived Fairyland;🌾;Owergrown Reeds;Container-2;0;0;0;0;0;0;Wild Flora;Sunlight reflects through it.<br>;
Deprived Fairyland;🌾;Rice Field;Container-2;0;0;0;0;0;0;Tough Terrain;Farmland of the natives.<br>;
Deprived Fairyland;🌻;Bunch of Sunflowers;Container-2;0;0;0;0;0;0;Wild Flora;Something seems hidden in there.<br>;
Deprived Fairyland;🪻;Hyacinth Grove;Container-2;0;0;0;0;0;0;Wild Flora;Compelling smell fills the air.<br>;
Deprived Fairyland;🌷;Tulip Glade;Container-2;0;0;0;0;0;0;Beautiful Spot;Colorful tulips literally everywhere.<br>;Something was hidden there.
Deprived Fairyland;🏕️;Primitve Tent;Container-2;0;0;0;0;0;0;Suspense Area;Serves as a place of rest.<br>;Something was hidden there.
Deprived Fairyland;🏕️;Withering Tent;Container-2;0;0;0;0;0;0;Suspense Area;Seems a bit neglected.<br>;Something was hidden there.
Deprived Fairyland;⛳️️;Claimed Spot;Container-2;0;0;0;0;0;0;Suspense Area;Seems a bit neglected.<br>;Something was hidden there.

Deprived Fairyland;🏕️;Tribal Campsite;Container-3;0;0;0;0;0;0;Suspense Area;Serves as a place of rest.<br>;Something was hidden there.
Deprived Fairyland;🌲;Dark Wood;Container-3;0;0;0;0;0;0;Suspense Area;Nothing but endless trees in all directions.<br>;Someting was hidden there.
Deprived Fairyland;🛖;Simple Hut;Container-3;0;0;0;0;0;0;Primitve Housing;Built from branches and leaves.<br>;
Deprived Fairyland;🛖;Lone Hut;Container-3;0;0;0;0;0;0;Primitve Housing;Built from branches and leaves.<br>;
Deprived Fairyland;🛖;Primitive Hut;Container-3;0;0;0;0;0;0;Primitve Housing;Built from branches and leaves.<br>;
Deprived Fairyland;🎪;Cheftain's Tent;Container-3;0;0;0;0;0;0;Primitve Housing;Living space of a local tribe leader.<br>;
Deprived Fairyland;🗼;Tribal Monument;Container-3;0;0;0;0;0;0;Primitve Housing;Living space of a local tribe leader.<br>;

Deprived Fairyland;🏛️;Ancient Temple;Container-4;0;0;0;0;0;0;Ritual Place;Remains of a long gone civilization.<br>;Walked into the sacrifical area.
Deprived Fairyland;🗻;Rocky Mountain;Container-4;0;0;0;0;0;0;Mountaintop;Tough to navigate terrain.<br>;Climbed on the summit.
Deprived Fairyland;🏔️;Snowy Mountain;Container-4;0;0;0;0;0;0;Cold and hostile place.<br>;Climbed on the summit.
Deprived Fairyland;⛰️;Forest Mountaintop;Container-4;0;0;0;0;0;0;Wilderness;Tree-covered point of interest.<br>;Climbed on the summit.
Deprived Fairyland;🌲;Deep Forest;Container-4;0;0;0;0;0;0;Suspense Area;Nothing but endless trees in all directions.<br>;Someting was hidden there.

Deprived Fairyland;⛰️;Rocky Mountaintop;Container-5;0;0;0;0;0;0;Wilderness;Tree-covered point of interest.<br>;Climbed on the summit.
Deprived Fairyland;🏔️;Permafrost Mountain;Container-5;0;0;0;0;0;0;Cold and hostile place.<br>;Climbed on the summit.
Deprived Fairyland;🌋;Volcano Throat;Container-5;0;0;0;0;0;0;Mountaintop;Lava-laced rocky mountain.<br>;Floor is basically lava now.
Deprived Fairyland;🏛️;Ancient Temple;Container-5;0;0;0;0;0;0;Ritual Place;Remains of a long gone civilization.<br>;Walked into the sacrifical area.

Deprived Fairyland;🛖;Locked Hut;Locked-Container-3;0;0;0;0;0;0;Primitve Housing;Built from branches and leaves.<br>;
Deprived Fairyland;🛖;Barret Hut;Locked-Container-3;0;0;0;0;0;0;Primitve Housing;Built from branches and leaves.<br>;

Deprived Fairyland;✨;Sparkly Mist;Curse;1;0;0;0;0;0;Magic Anomaly;Warming aura surrounds this spot.<br>;Let the warmth come inside.
Deprived Fairyland;🌩️;Charged Cloud;Curse;-1;0;1;0;0;0;Weather Anomaly;Floats in a super unusally low altitude.<br>;Crackling spark jumped across.
Deprived Fairyland;💨;Swift Winds;Curse;0;0;1;0;-1;0;Weather Condition;These air currents make one act fast.<br>;Embraced the howling wind.
Deprived Fairyland;🌬️;Frostmourne Breeze;Curse;-1;0;0;0;0;1;Weather Condition;Horrible chills go down the spine.<br>;Suffered permanent changes.
Deprived Fairyland;🎭;Psychotic Episode;Curse;0;0;0;0;-1;0;Mind State;Sudden strange thoughts  are filling the mind.<br>;Suffered lasting changes.
Deprived Fairyland;🎶;Captivating Song;Curse;0;0;0;0;-1;0;Misfortune;Suggestive voice draws attention.<br>;Suffered mental damage.
Deprived Fairyland;🗯️;Unknown Voice;Curse;-1;0;0;0;-1;0;Misfortune;Its words make no sense.<br>;Suffered a nasty curse

//TODO add explanations
Deprived Fairyland;🏛️;Ancient Temple;Altar;-1;0;0;0;0;1;Ritual Place;Wholesome statues gaze upon the altar.<br>;Embraced ancient gods
Deprived Fairyland;🕊️;Peace Dove;Altar;1;0;0;0;0;0;Sacred Sign;Beautiful warmth fills thy soul<br>;Received a powerful blessing
Deprived Fairyland;🗿;Megalithic Statue;Altar;0;0;0;1;1;0;Ancient Monument;Must be thousands years old.<br>;Granted ancient blessing
Deprived Fairyland;⛩️;Ornate Shrine;Altar;1;0;0;0;0;0;Ritual Place;Gods shall be merciful.<br>;Received a powerful blessing.
Deprived Fairyland;🌕;Full Moon;Altar;-2;1;1;0;0;0;Ritual Place;The skies demand fresh blood.<br>;

Deprived Fairyland;🔥;Wildfire;Trap-Attack;-3;0;0;0;0;0;Natural Disaster;It's spreading all around.<br>;Burned alive screaming
Deprived Fairyland;🕸️;Sticky Web;Trap-Roll;-1;0;0;0;0;0;Inconvenience;Better not release the contents.<br>;Got some webs on their face
Deprived Fairyland;🌹;Rose Bush;Trap-Roll;-1;0;0;0;0;0;Forest Flora;These are just beautiful.<br>Perhaps grab some.;Ouch! There are sharp thorns
Deprived Fairyland;💩;Dung Pile;Trap-Attack;-1;0;0;0;-3;0;Disgusting Sight;Terrible stench fills the air.<br>;Got some shit on their hands
Deprived Fairyland;🌪️;Local Tornado;Trap-Attack;-3;0;0;0;0;0;Natural Disaster;It's spreading all around.<br>;Got hit by flying debris
Deprived Fairyland;🪲;Smelly Bug;Trap;-1;0;0;0;0;0;Insect;Its colour suggests against touching.<br>;Horrendous smell filled the air
Deprived Fairyland;🌵;Pointy Cacti;Trap;0;0;0;0;0;0;Wild Flora;Stands tall all alone.<br>;

Deprived Fairyland;🫧;Bubbling Chasm;Fishing;0;0;0;0;0;0;Opportunity;Murky liquid bubbling on the surface.<br>;
Deprived Fairyland;🪷;Blooming Pond;Fishing;0;0;0;0;0;0;Water Body;Full of beautiful water lilies.<br>;
Deprived Fairyland;🌾;Overgrown Pond;Fishing;0;0;0;0;0;0;Water Body;Smells absolutely terrible.<br>;
Deprived Fairyland;🌊;Wavy Pond;Fishing;0;0;0;0;0;0;Water Body;Waves are dancing on the surface.<br>;

Deprived Fairyland;🦧;Friendly Orangutan;Friend;0;0;0;0;0;0;Speaking Animal;Looks like it has something to say.<br>;Received a powerful message
Deprived Fairyland;🐒;Talking Monkey;Friend;0;0;0;0;0;0;Speaking Animal;Looks like it has something to say.<br>;Heard a powerful message
Deprived Fairyland;🧚‍♀️;Flying Diva;Friend;1;0;0;0;0;0;Magical Creature;Prompts for a lovely conversation.<br>;Shared a lasting moment.
Deprived Fairyland;🦭;Naval Seal;Friend;0;0;1;0;0;0;Mythical Creature;Could provide some agaility lessons.<br>;Got through their training.
Deprived Fairyland;🐧;Intergalactic Penguin;Container-Friend;0;0;0;0;0;0;Unusal Critter;Travelled from a galaxy far far away.<br>;Received a special treat.
Deprived Fairyland;🦤;Cousin Dodo;Container-Friend;0;0;0;0;2;0;Unusal Critter;Usually known for being selfish.<br>;Willingly shared some loot.
Deprived Fairyland;🧞‍♀️;Generous Genie;Container-Friend;0;0;0;0;0;0;Magical Creature;Offers a pleasant conversation.<br>;Received a special gift.

Deprived Fairyland;🦄;Rainbow Unicorn;Pet;3;0;3;2;3;0;Mythical Creature;Strange horse approached.<br>;Received the rainbow blessing.
Deprived Fairyland;🦙;Fluffy Alpaca;Pet;2;0;2;1;2;0;Witty Animal;Looks like a cloud with four legs.<br>;Received their blessing.
Deprived Fairyland;🐫;Desert Inhabitant;Pet;3;0;1;0;1;0;Seasoned Survivor;Strange horse approached.<br>;Survival instincts increased.
Deprived Fairyland;🐝;Friendly Bee;Pet;1;1;1;0;-1;0;Bodyguard;Keeps a close distance.<br>;Became best friends.
Deprived Fairyland;🪲;Pearlescent Bug;Pet;1;0;1;1;0;0;Pelicular Insect;The most beautiful color ever.<br>;Gained a new friend
Deprived Fairyland;🦎;Blue-eyed Gecko;Pet;1;0;2;0;1;1;Beautiful Lizard;Eyes are glowing blue.<br>;Gained a new minion
Deprived Fairyland;🦩;Baby Flamingo;Pet;1;0;1;1;0;0;Wild Bird;Small fancy bird in a need of help.<br>;Gained a new friend
Deprived Fairyland;🦓;Wild Zebra;Pet;3;0;2;0;2;0;Mighty Animal;Strange horse approached.<br>;Gained a new travel buddy!
Deprived Fairyland;🦊;Cunning Fox;Pet;3;1;3;0;3;0;Wild Animal;Sits around waving its furry tail.<br>;Got a new travel buddy!

Deprived Fairyland;🪱;Confused Earthworm;Small;1;0;0;0;-1;0;Arthropod;Makes a perfect fishing bait.<br>;
Deprived Fairyland;🪱;Fly Larva;Small;1;1;1;0;-1;0;Arthropod;Makes a perfect fishing bait.<br>;
Deprived Fairyland;🪱;Tapeworm;Small;1;1;1;0;-1;0;Arthropod;Makes a perfect fishing bait.<br>;
Deprived Fairyland;🪱;Bloodsucking Leech;Small;1;2;1;0;-1;0;Arthropod;Makes a perfect fishing bait.<br>;
Deprived Fairyland;🪱;Stimulated Flatworm;Small;1;0;3;0;-1;0;Arthropod;Makes a perfect fishing bait.<br>;
Deprived Fairyland;🪱;Glowing Worm;Small;1;0;0;0;-1;1;Arthropod;Radiates a strange aura.<br>;
Deprived Fairyland;🪱;Parasitic Maggot;Small;1;1;1;0;-1;0;Arthropod;Makes a perfect fishing bait.<br>;
Deprived Fairyland;🪱;Overgrown Worm;Small;2;1;1;0;-1;0;Arthropod;Oh no. It fights back!<br>;
Deprived Fairyland;🪱;Bee Larva;Small;1;1;1;0;-1;0;Harmless Insect;Seems angry of the disturbance.<br>;
Deprived Fairyland;🪱;Bloodthirsty Worm;Small;1;3;1;0;-1;0;Dangerous Insect;<br>;
Deprived Fairyland;🐝;Stray Bee;Small;1;1;1;0;-1;0;Confused Insect;Flies in a weird pattern.<br>;There was nowhere to run.
Deprived Fairyland;🕷️;Black Widow;Small;1;5;1;0;-1;0;Imminent Danger;Venomous eight-legged menace.<br>;Got stinged into their eyes.
Deprived Fairyland;🦋;Bluesky Butterfly;Small;1;0;1;0;-1;1;Stunning Insect;Does not like being disturbed.<br>;How could this happen?
Deprived Fairyland;🦀;Ambitious Crab;Trap;1;2;1;0;-1;0;Crustacean;Boasts a pair of painful pinchers.<br>;Got pinched to death.
Deprived Fairyland;🐜;Bullet Ant;Small;1;3;2;0;-1;0;Tireless Worker;Able to carry 50x its weight.<br>;That bite hurt like hell.

Deprived Fairyland;🐺;Prowling Wolf;Standard;4;3;2;0;10;0;Apex Predator;Hunting for prey.<br>;Got ripped apart and eaten.
Deprived Fairyland;🦚;Pearlescent Bird;Standard;3;2;2;0;2;0;Fancy Animal;Peace was never an option.<br>;Eyes melted by the feather reflections.
Deprived Fairyland;🦡;Honey Badger;Standard;3;3;2;0;3;0;Wild Animal;The creature boasts sinister energy.<br>;
Deprived Fairyland;🦎;Komodo Dragon;Standard;4;2;2;0;-1;0;Massive Lizard;Eyes are glowing red.<br>;Insides devoured by a lizard.
Deprived Fairyland;🕷️;Huge Tarantula;Standard;3;2;1;0;-1;0;Imminent Danger;Venomous eight-legged menace.;Got stinged into their eyes.
Deprived Fairyland;🦘;Vengeful 'Roo;Standard;4;2;3;0;4;0;Wild Beast;Seems like this is personal.<br>;Suffered a deadly right hook.

Deprived Fairyland;🧌;Old Troll;Recruit;4;2;2;0;2;2;Creature;Not happy about having a company.<br>;Turned into goulash.
Deprived Fairyland;🧝‍♀️;Cultist Priestess;Recruit;3;2;2;0;-1;3;Humanoid;Searching for a sacrifice victim.<br>;Got their heart ripped out!
Deprived Fairyland;🧙‍♂️;Cultist Elder;Recruit;3;2;2;0;4;2;Crazed Maniac;Eyes are glowing blue.<br>;Sacrificed to the great evil.

Deprived Fairyland;🐒;Tricky Monkey;Swift;3;3;3;0;2;0;Wild Animal;Seems having lightning reflexes.<br>;Devoured by a fierce monkey.
Deprived Fairyland;🦜;Annoying Parrot;Swift;2;2;4;0;2;0;Wild Animal;Seems having lightning reflexes.<br>;
Deprived Fairyland;🥷;Cultist Elite;Swift;4;3;3;0;5;0;Humanoid;Uncanny figure with ellegant moves.<br>;Stabbed till fully dead.
Deprived Fairyland;🐝;Swarm of Bees;Swift;3;2;3;3;-1;0;Pesky Insects;Ton of bees swarmed the area.<br>;There was nowhere to run.
Deprived Fairyland;🐆;Daunting Panther;Swift;3;4;2;0;5;0;Wild Beast;Seems having lightning reflexes.<br>;Totally torn apart.
Deprived Fairyland;🐅;Enraged Tiger;Swift;3;4;2;0;5;0;Wild Beast;Seems having lightning reflexes.<br>;Totally torn apart.
Deprived Fairyland;🦟;Oversized Mosqito;Swift;2;3;2;0;-1;0;Pesky Insect;Never seen anything like this.<br>;Got sucked totally dry.
Deprived Fairyland;🦅;Bald Eagle;Swift;3;4;1;0;-1;0;Wild Animal;Attacks from high altitude.<br>;Got their brain pecked out.

Deprived Fairyland;🐃;Frantic Horns;Heavy;4;3;1;0;5;0;Wild Beast;Its majestic antlers look rather deadly.<br>;
Deprived Fairyland;🦧;Ginger Ape;Heavy;3;2;3;0;3;0;Wild Beast;Probably has no soul.<br>;
Deprived Fairyland;🦍;Native Ape;Heavy;3;2;3;0;3;0;Wild Beast;Buffed and ready to fight.<br>;
Deprived Fairyland;🦏;Bulky Rhino;Heavy;5;3;1;0;5;0;Wild Beast;Its majestic horn looks rather deadly.<br>;
Deprived Fairyland;🐆;Muscular Sabertooth;Heavy;4;4;2;0;5;0;Alpha Predator;Beware its powerful pounce.<br>;Became a tasty dinner
Deprived Fairyland;🐊;Massive Aligator;Heavy;4;4;1;0;5;0;Alpha Predator;Beware its powerful pounce.<br>;Became a tasty dinner

Deprived Fairyland;👹;Little Devil;Demon;2;2;1;0;-1;1;Imminent Threat;Laughs out loud maniacally.<br>;
Deprived Fairyland;🌚;Malvolent Spirit;Demon;2;1;1;0;2;1;Sinister Remnants;Appeared out of nowhere.<br>;No mercy for the wicked.

//More angry clouds
//;Deprived Fairyland;🌩️;Lightning Cloud;Spirit;2;1;1;1;-1;2;Anger Energy;Strikes with power and precision.<br>;Zapped away from this world.
🌧️⛈️

Deprived Fairyland;🐃;Mythical Buffalo;Boss-Heavy;2;2;1;0;3;0;Cryptid;Looks fairly angry over something.<br>;Impaled by two horns at once.
Deprived Fairyland;🦀;Titan Crab;Boss-Heavy;6;4;2;0;-1;0;Overgrown Crustacean;Packs a massive painful pinch.;Got ripped in two halves.
Deprived Fairyland;🐆;Sabre Essence;Boss-Spirit;3;3;3;0;3;1;Spirit Remains;Energy of a long gone guardian.<br>;Got taken to the Underworld.
Deprived Fairyland;🦖;Ferocious Raptor;Boss-Swift;5;5;2;0;-1;0;Mr. Funny Hands;Looks like freakin' big problem.<br>;Got chewed with dozens of teeth.
🦣🐘

Deprived Fairyland;⚗️;Potent Extract;Consumable;0;0;0;0;0;2;Unknown Liquid;Is that drinkable? Wonder what it does.<br>Provides <b>+2 🔵 Mana</b>.;
Deprived Fairyland;🍄;Magical Mushroom;Consumable;0;0;0;0;2;1;Strange Growth;It's beautiful. What could go wrong?<br>Provides <b>+1 🔵 Mana</b> and <b>+2 🧠 Intellect</b>.;
Deprived Fairyland;🧉;Empowering Tea;Consumable;0;0;0;0;2;0;Brain Juice;Enances focus and reflexes.<br>Provides extra <b>+2 🧠 Intellect</b>.;Tasted just awesome
Deprived Fairyland;🍍;Sweet Pineapple;Consumable;2;0;0;0;0;0;Healthy Treat;Supposedly eats you back.<br>Provides extra <b>+2 ❤️ Health</b> temporarily.;Tasted just awesome
Deprived Fairyland;🫘;Magic Beans;Consumable;0;0;0;0;0;1;Fantastic Food;Surrounded by a strange glow.<br>Provides <b>+1 🔵 Mana</b>.;
Deprived Fairyland;🫚;Ginger Root;Consumable;1;0;0;0;0;0;Healthy Food;Smells absolutely amazing.<br>Provides extra <b>+1 ❤️ Health</b> temporarily.;Increased immunity
Deprived Fairyland;🧄;Spicy Garlic;Consumable;1;0;0;0;0;0;Vegetable;Keeps the harm at bay.<br>Provides extra <b>+1 ❤️ Health</b> temporarily.;Increased immunity
Deprived Fairyland;🥕;Fairy Carrot;Consumable;0;0;1;0;0;0;Vegetable;Packs a ton of sweet sweet energy.<br>Provides extra <b>+1 🟢 Energy</b> temporarily.;Got extra energy
Deprived Fairyland;🥧;Suspicious Meatpie;Consumable;1;0;0;0;0;0;Questionable Treat;Filled with unidentifiable meat.<br>Provides extra <b>+1 ❤️ Health</b> temporarily.;Tasted just awesome
Deprived Fairyland;🥟;Suspicious Dumpling;Consumable;1;0;0;0;0;0;Questionable Treat;Filled with unidentifiable meat.<br>Provides extra <b>+1 ❤️ Health</b> temporarily.;Tasted just awesome
Deprived Fairyland;🍗;Raw Meat;Consumable;-1;0;0;0;0;0;Questionable Food;Could be remains of one of the villagers.<br>;That was a bit disgusting
Deprived Fairyland;🍖;Rotten Flesh;Consumable;-1;0;0;0;0;0;Questionable Food;Could be remains of one of the villagers.<br>;That was just disgusting
Deprived Fairyland;🍏;Poisoned Apple;Consumable;-2;0;-2;0;0;0;Fresh Fruit;Obviously not good to eat.<br>;Nausea took over
Deprived Fairyland;🧀;Smelly Cheese;Consumable;0;0;0;-1;0;0;Rare Delicacy;Smells exactly like <b>-1 🍀 Luck</b>.<br>...still tempting though.;Reeks of bad luck

Deprived Fairyland;🥭;Sweet Mango;Consumable;0;0;0;0;0;0;Fresh Fruit;Tasty snack for tough times.<br>Restores <b>❤️ Health</b> and <b>🟢 Energy</b>.;
Deprived Fairyland;🍌;Ripe Banana;Consumable;0;0;0;0;0;0;Fresh Fruit;Seems like a sweet snack.<br>Restores <b>❤️ Health</b> and <b>🟢 Energy</b>.;
Deprived Fairyland;🍊;Orange Citrus;Consumable;0;0;0;0;0;0;Fresh Fruit;Seems like a sweet snack.<br>Restores <b>❤️ Health</b> and <b>🟢 Energy</b>.;
Deprived Fairyland;🍐;Ripe Pear;Consumable;0;0;0;0;0;0;Fresh Fruit;Seems like a sweet snack.<br>Restores <b>❤️ Health</b> and <b>🟢 Energy</b>.;
Deprived Fairyland;🫐;Berries;Consumable;0;0;0;0;0;0;Forest Fruit;Seems like a sweet snack.<br>Restores <b>❤️ Health</b> and <b>🟢 Energy</b>.;
Deprived Fairyland;🍣;Fresh Sushi;Consumable;0;0;0;0;0;0;Fancy Food;All nicely arranged and untouched.<br>Restores <b>❤️ Health</b> and <b>🟢 Energy</b>.;
Deprived Fairyland;🥜;Sweet Peanuts;Consumable;0;0;0;0;0;0;Crunchy Food;Seems like a good snack.<br>Restores <b>❤️ Health</b> and <b>🟢 Energy</b>.;
Deprived Fairyland;🍯;Sweet Honeypot;Consumable;0;0;0;0;0;0;Lost Treat;Seems like a fine refreshment.<br>Restores <b>❤️ Health</b> and <b>🟢 Energy</b>.;That was delicious
Deprived Fairyland;🥚;Lizard Egg;Consumable;0;0;0;0;0;0;Raw Food;Beautiful texture wraps around it.<br>Restores <b>❤️ Health</b> and <b>🟢 Energy</b>.;

Deprived Fairyland;🎓;Scholar's Hat;Item;0;0;0;0;0;0;<b>Artifact</b>;<b>✏️ Experience</b> gains are <b>increased by 25%</b><br><i>Anyone looks way smarter wearing this.<i>;Already feeling wiser!
Deprived Fairyland;💠;Crystal Shield;Item;0;0;0;0;0;0;<b>Artifact</b>;Provides a new skill <b>💠 Reflect Magic</b>.<br>33% chance to <b>resist enemy spells</b>.;Gained skill <b>💠 Reflect Magic</b>.
Deprived Fairyland;🖤;Obsidian Heart;Item;0;0;0;0;0;0;<b>Artifact</b>;Provides a new skill <b>🖤 Unbreakable</b>.<br><b>Resist +1 ⚔️ physical damage</b>.;Gained skill <b>🖤 Unbreakable</b>.
Deprived Fairyland;🫀;Backup Heart;Item;0;0;0;0;0;0;<b>Artifact</b>;Provides a new skill <b>💀 Cheat Death Sentece</b>.<br>Get a <b>second chance to live</b> upon dying.;Gained skill <b>💀 Cheat Death</b>.
Deprived Fairyland;⚖️;Offensive Scales;Item;0;0;0;0;0;0;<b>Artifact</b>;Trade <b>1/2 ❤️ Health</b> for that much <b>⚔️ Attack</b>.<br>;Traded <b>1/2 ❤️ Health</b> for <b>⚔️ Attack</b>.
Deprived Fairyland;🍭;Magic Stick;Item;0;0;0;0;0;0;<b>Artifact</b>;Trade <b>1/2 🟢 Energy</b> for more <b>🔵 Mana</b>.<br>;Traded <b>1/2 🟢 Energy</b> for <b>🔵 Mana</b>.
Deprived Fairyland;🥀;Weeping Rose;Item;-1;0;0;0;0;0;<b>Artifact</b>;Sacrifice -1 ❤️ for <b>🥀 Thorns Payback</b>.<br><b>Deal -1 💔 when hit</b> by any physical attack.;Obtained <b>🥀 Thorns Payback</b>.
Deprived Fairyland;🧵;Enchanted Line;Item;0;0;0;0;0;0;<b>Artifact</b>;33% chance to <b>keep the bait 🪱 when fishing</b>.<br>;Reinforced their fishing pole.
Deprived Fairyland;🪆;Sinister Idol;Item;0;0;0;0;0;0;<b>Artifact</b>;<b>🪬 Curse</b> gets 33% chance to <b>🧬 Polymorph</b>.<br>Transform the enemy to a random critter.;Gained skill <b>🧬 Polymorph</b>.
Deprived Fairyland;🪶;Raptor Feather;Item;0;0;0;0;0;0;<b>Artifact</b>;Provides a new skill <b>⚡️ Quick Reflexes</b>.<br>33% chance to generate <b>🟢 Energy</b> on action.;Gained skill <b>⚡️ Quick Reflexes</b>.
Deprived Fairyland;🔮;Radiating Oracle;Item;0;0;0;0;0;0;<b>Artifact</b>;Provides a new skill <b>👁️ Vivid Dream</b>.<br>33% chance to get +1 <b>🔵 Mana</b> on <b>💤 Sleep</b>.;Gained skill <b>👁️ Vivid Dream</b>.
Deprived Fairyland;🀄️;Life-Stealing Rune;Item;0;0;0;0;0;0;<b>Artifact</b>;Melee <b>⚔️ Attacks</b> have 33% chance<br> to restore <b>+1 ❤️ Health</b> on a successful hit.;
Deprived Fairyland;🧪;Strange Potion;Item;0;0;0;0;0;0;<b>Questionable Drink</b>;<b>🧬 Polymorph</b> into a random creature.<br><i>Drink solely at your own risk.</i>;Something feels different.

Deprived Fairyland;🔥;Another Eternal Flame;Checkpoint;0;0;0;0;0;0;Sanctuary;Welcoming aura radiates all around.<br>Provides Instant <b>🎉 Level Up!</b>;

Deprived Fairyland;🃏;Tarot Card — Fool;Item;0;0;0;4;-2;0;Destiny Echo;Sacrifice <b>-2 🧠 Intellect</b> for <b>+4 🍀 Luck</b>.<br>;<b>Fool</b> card embraced
Deprived Fairyland;🃏;Tarot Card — Lover;Item;2;0;0;0;-4;0;Destiny Echo;Sacrifice <b>-4 🧠 Intellect</b> for <b>+2 ❤️ Health</b>.<br>;<b>Lover</b> card embraced
Deprived Fairyland;🃏;Tarot Card — Mage;Item;0;-1;0;0;0;2;Destiny Echo;Sacrifice <b>-1 ⚔️ Attack</b> for <b>+2 🔵 Mana</b>.<br>;<b>Mage</b> card embraced
Deprived Fairyland;🃏;Tarot Card — Berserk;Item;0;2;0;0;-4;0;Destiny Echo;Sacrifice <b>-4 🧠 Intellect</b> for <b>+2 ⚔️ Attack</b>.<br>;<b>Berserk</b> card embraced

Deprived Fairyland;🪃;Tribal Boomerang;Item;0;2;0;0;0;0;Weapon;Requires perfect handling to avoid injury.<br>Provides <b>+2 ⚔️ Damage</b>.;
Deprived Fairyland;📯;Warlord Horn;Item;0;0;1;1;0;0;Rythmical Instrument;Sounds of these cheer up anyone.<br>Provides <b>+1 ⚔️ Damage</b> and <b>+1 🍀 Luck</b>..;Called for battle!
Deprived Fairyland;🍀;Four-leaf Clover;Item;0;0;0;2;0;0;Rarity;<br>Provides <b>+2 🍀 Luck</b>.;Feels good to have it.
Deprived Fairyland;🪀;Jade Trinket;Item;0;0;1;1;0;0;Handmade Ornament;Unfamiliar peace of ancient art.<br>Provides <b>+1 🟢 Energy</b> and <b>+1 🍀 Luck</b>.;
Deprived Fairyland;📜;Elder Scroll;Item;0;0;0;0;3;0;Prophecy;Provides <b>+3 🧠 Intellect</b> and insight.<br>n/a;Embraced the knowledge.
Deprived Fairyland;🪁;Lightning Kite;Item;0;0;2;0;0;0;Accessory;Unfamiliar makeshift piece of art.<br>Somehow provides <b>+2 🟢 Energy</b>.;Yay! Weeee!
Deprived Fairyland;🧥;Protection Coat;Item;2;0;0;0;0;0;Accessory;Designed for special protection.<br>Provides <b>+2 ❤️ Health</b>.;
Deprived Fairyland;👘;Wizard Robe;Item;0;0;0;0;0;2;Accessory;Perfect piece of clothing for casters.<br>Provides <b>+2 🔵 Mana</b>.;
Deprived Fairyland;🪈;Ratcatcher Flute;Item;0;0;0;-2;4;0;Malvolent Instrument;Magical instrument for conquering minds.<br>Provides <b>+4 🧠 Intellect</b> for <b>-2 🍀 Luck</b>.;Makes captivating sounds
Deprived Fairyland;🧭;Cursed Compass;Item;0;0;2;-1;0;0;Navigation Tool;Always points towards the person holding it.<br>Provides <b>+2 🟢 Energy</b> for <b>-1 🍀 Luck</b>.;
Deprived Fairyland;🧧;Crimson Medailon;Item;2;0;0;-1;0;0;Rare Trinket;Something feels off about this.<br>Provides <b>+2 ❤️ Health”</b> for <b>-1 🍀 Luck</b>.;
Deprived Fairyland;🥁;Bassline Drum;Item;0;0;2;0;;0;Rythmical Instrument;Helps staying alert in combat.<br>Provides <b>+2 🟢 Energy</b>.;Ba dum tss!
Deprived Fairyland;🪇;Painted Maracas;Item;0;0;0;2;0;0;Rythmical Instrument;Sounds of these cheer up anyone.<br>Provides <b>+2 🍀 Luck</b>.;Shake it baby!

Deprived Fairyland;🪭;Sharp Fan;Item;0;1;0;0;0;0;Inconspicious Weapon;No one would guess it's a deadly weapon.<br>Provides <b>+1 ⚔️ Damage</b>.;
Deprived Fairyland;🏹;Primitive Bow;Item;0;1;0;0;0;0;Weapon;Standard tool for hunting prey.<br>Provides <b>+1 ⚔️ Damage</b>.;
Deprived Fairyland;💎;Radiating Jewel;Item;0;0;0;0;0;1;Precious Gem;The polished surface reflects energy.<br>Provides <b>+1 🔵 Mana</b>.;Irradiated with magic energy.
Deprived Fairyland;🥢;Magic Sticks;Item;0;0;0;0;0;1;Spellcasting Tool;Glows with strong energy.<br>Provides <b>+1 🔵 Mana</b>.;Embraced the energy surge.
Deprived Fairyland;🎐;Magic Chime;Item;0;0;0;0;0;1;Rare Trinket;Looks nice. Whatever purpose it has.<br>Provides <b>+1 🔵 Mana</b>.;Felt strange power surge.
Deprived Fairyland;🥋;Reinforced Kimono;Item;1;0;0;0;0;0;Safety Measure;Made for martial arts practice.<br>Provides <b>+1 ❤️ Health</b>.;
Deprived Fairyland;🎎;Lucky Trinket;Item;0;0;0;1;0;0;Accessory;Traditional protection againts bad luck.<br>Provides <b>+1 🍀 Luck</b>.;
Deprived Fairyland;🎗️;Vigor Amulet;Item;1;0;0;0;0;0;Handmade Ornament;Express empathy with the terminally ill.<br>Provides <b>+1 ❤️ Health</b>.;
Deprived Fairyland;🗝️;Small Key;Item;0;0;0;0;0;0;Junk;<b>🗝️ Unlocks</b> doors and containers.<br>;
Deprived Fairyland;🗝️;Shiny Key;Item;0;0;0;0;0;0;Junk;<b>🗝️ Unlocks</b> doors and containers.<br>;

Deprived Fairyland;🔪;Twisted Blade;Item;0;1;0;0;-2;0;Ritual Tool;The sacrifical blade demands offering.<br>Gives <b>+1 ⚔️ Attack</b> for <b>-2 🧠 Intellect</b>.;
Deprived Fairyland;🪞;Soul Mirror;Item;0;0;0;-2;2;0;Mystical Relic;No one should ever not look directly into it.<br>Provides <b>+2 🧠 Intellect</b> for <b>-2 🍀 Luck</b>.;Realized the dark truth
Deprived Fairyland;🎀;Silly Bowtie;Item;0;0;0;2;-1;0;Accessory;Gives extra luck but looks cringe.<br>Provides <b>+2 🍀 Luck</b> for <b>-1 🧠 Intellect</b>.;That looks ridiculous
Deprived Fairyland;🪘;Tribal Drum;Item;0;0;-1;0;1;0;Musical Instrument;Excessively heavy and not really useful.<br>Provides <b>+1 🍀 Luck</b> for <b>-1 🟢 Energy</b>.;Took it under their arm
Deprived Fairyland;👠;Princess Shoe;Item;0;0;0;0;0;0;Junk;Likely belongs to a beautiful girl.<br>;
Deprived Fairyland;🦴;Human Femur;Item;0;0;0;0;0;0;Skeleton Part;Someone is likely missing it.<br>;
Deprived Fairyland;💩;Steaming Pile;Item;0;0;0;0;-3;0;Trace of Life;Rather don't do anything stupid.<br>;Got some shit on their hands

//Mournful Barrens
Mournful Barrens;🐉;Massive Dragon;Boss-Heavy;6;3;1;0;-1;2;Mythical Creature;Hungry maw full of magical teeth.;Got their head chewed off.
Mournful Barrens;🦕;Ancient Lizard;Boss-Heavy;8;3;3;0;-1;0;Eden Beast;Must weight a million tons.;Got stomped into the ground.

Mournful Barrens;🎓;Scholar's Hat;Item;0;0;0;0;0;0;<b>Artifact</b>;<b>✏️ Experience</b> gains are <b>increased by 25%</b><br><i>Anyone looks way smarter wearing this.<i>;Already feeling wiser!
Mournful Barrens;🥻;Philosopher Toga;Item;0;0;0;0;0;0;<b>Artifact</b>;Provides a new skill <b>💭 Curious Thought</b>.<br>5% chance to <b>think (and rest) anywhere</b>.;Gained skill <b>💭 Curious Thought</b>.
Mournful Barrens;💠;Crystal Shield;Item;0;0;0;0;0;0;<b>Artifact</b>;Provides a new skill <b>💠 Reflect Magic</b>.<br>33% chance to <b>resist enemy spells</b>.;Gained skill <b>💠 Reflect Magic</b>.
Mournful Barrens;🖤;Obsidian Heart;Item;0;0;0;0;0;0;<b>Artifact</b>;Provides a new skill <b>🖤 Unbreakable</b>.<br><b>Resist +1 ⚔️ physical damage</b>.;Gained skill <b>🖤 Unbreakable</b>.
Mournful Barrens;🫀;Backup Heart;Item;0;0;0;0;0;0;<b>Artifact</b>;Provides a new skill <b>💀 Cheat Death Sentece</b>.<br>Get a <b>second chance to live</b> upon dying.;Gained skill <b>💀 Cheat Death</b>.
Mournful Barrens;⚖️;Offensive Scales;Item;0;0;0;0;0;0;<b>Artifact</b>;Trade <b>1/2 ❤️ Health</b> for that much <b>⚔️ Attack</b>.<br>;Traded <b>1/2 ❤️ Health</b> for <b>⚔️ Attack</b>.
Mournful Barrens;🍭;Magic Stick;Item;0;0;0;0;0;0;<b>Artifact</b>;Trade <b>1/2 🟢 Energy</b> for more <b>🔵 Mana</b>.<br>;Traded <b>1/2 🟢 Energy</b> for <b>🔵 Mana</b>.
Mournful Barrens;🎲;Gambling Dice;Item;0;0;0;0;0;0;<b>Artifact</b>;Sacrifice <b>1/2 ❤️ Health</b> for <b>🎲 Pure Chance</b>.<br>33% chance to <b>resist physical damage</b>.;<b>Pure Chance</b> added for <b>1/2 ❤️ Health</b>.
Mournful Barrens;🥀;Weeping Rose;Item;-1;0;0;0;0;0;<b>Artifact</b>;Sacrifice -1 ❤️ for <b>🥀 Thorns Payback</b>.<br><b>Deal -1 💔 when hit</b> by any physical attack.;Obtained <b>🥀 Thorns Payback</b>.
Mournful Barrens;🧵;Enchanted Line;Item;0;0;0;0;0;0;<b>Artifact</b>;33% chance to <b>keep the bait 🪱 when fishing</b>.<br>;Reinforced their fishing pole.
Mournful Barrens;📦;Schrödinger's Box;Item;0;0;0;0;0;0;<b>Artifact</b>;Provides a new skill <b>📦 Dead or Alive</b>.<br>50% chance to <b>avoid death</b> on fatal hit.;Gained skill <b>📦 Dead or Alive</b>.
Mournful Barrens;🛡️;Unstable Shield;Item;0;0;0;0;0;0;<b>Artifact</b>;Provides a new skill <b>🛡 Random Block</b>.<br>33% chance to <b>avoid physical damage</b>.;Gained skill <b>🛡 Random Block</b>.
Mournful Barrens;🪆;Sinister Idol;Item;0;0;0;0;0;0;<b>Artifact</b>;<b>🪬 Curse</b> gets 33% chance to <b>🧬 Polymorph</b>.<br>Transform the enemy to a random critter.;Gained skill <b>🧬 Polymorph</b>.
Mournful Barrens;🪶;Raptor Feather;Item;0;0;0;0;0;0;<b>Artifact</b>;Provides a new skill <b>⚡️ Quick Reflexes</b>.<br>33% chance to generate <b>🟢 Energy</b> on action.;Gained skill <b>⚡️ Quick Reflexes</b>.
Mournful Barrens;🔮;Radiating Oracle;Item;0;0;0;0;0;0;<b>Artifact</b>;Provides a new skill <b>👁️ Vivid Dream</b>.<br>33% chance to get +1 <b>🔵 Mana</b> on <b>💤 Sleep</b>.;Gained skill <b>👁️ Vivid Dream</b>.
Mournful Barrens;🧂;Salt Shaker;Item;0;0;0;0;0;0;Artifact;Add a new option to <b>🧂 Add Salt</b> on food.<br>Add <b>+1 🟢 Energy</b> & remove negative effects.;Gained skill <b>🧂 Add Salt</b>.
Mournful Barrens;🧪;Unknown Experiment;Item;0;0;0;0;0;0;<b>Questionable Drink</b>;<b>🧬 Polymorph</b> into a random creature.<br><i>Drink solely at your own risk.</i>;Something feels different.
Mournful Barrens;🀄️;Life-Stealing Rune;Item;0;0;0;0;0;0;<b>Artifact</b>;Melee <b>⚔️ Attacks</b> have 33% chance<br> to restore <b>+1 ❤️ Health</b> on a successful hit.;

//Afflicted Necropolis 🌝🌚 🌔🌑🌗🌘🌖🌕🌒🌓🌔
Afflicted Necropolis;🪨;Cemetery Wall;Prop;0;0;0;0;0;0;Place of Rest;Eerie atmosphere in the air.<br>;
Afflicted Necropolis;🌿;Dying Fern;Prop;0;0;0;0;0;0;Silent Flora;Its colour slowly fades away.<br>;
Afflicted Necropolis;🪦;Desolate Gave;Prop;0;0;0;0;0;0;Final Resting Place;The text is all faded.<br>;
Afflicted Necropolis;🪧;Danger Sign;Prop;0;0;0;0;0;0;Warning;<i>Turn back if you wish to live!</i><br>;
Afflicted Necropolis;🗿;Chiseled Face;Prop;0;0;0;0;0;0;Ruins;Nothing of particular interest.<br>;
Afflicted Necropolis;🌑;Silent Midnight;Prop;0;0;0;0;0;0;Unsettling Atmosphere;No living beings or growth around.<br>;
Afflicted Necropolis;🐾;Animal Footprints;Prop;0;0;0;0;0;0;Clue;Clear sign of recent activity.<br>;Followed the trail.
Afflicted Necropolis;👣;Humanoid Footprints;Prop;0;0;0;0;0;0;Clue;Clear sign of recent activity.<br>;Followed the trail.

//;Afflicted Necropolis;🥠;Misfortune Cookie;Consumable-Container;0;0;0;-1;0;0;Ritual Place;Delicious on the first glance.<br>;Found a paper note inside.
Afflicted Necropolis;📚;Burned Books;Container;0;0;0;0;0;0;Wasted Wisdom;Laying among a pile of ash.<br>;
Afflicted Necropolis;🪨;Stone Mound;Container;0;0;0;0;0;0;Ruins;Nothing of particular interest.<br>;
Afflicted Necropolis;🦴;Pile of Bones;Container;0;0;0;0;0;0;Disturbing Scenery;Doesn't look like an accident.<br>;
Afflicted Necropolis;⚰️;Burial Coffin;Container;0;0;0;0;0;0;Place of Rest;Looks someone tampered with it recently.<br>;
Afflicted Necropolis;🧳;Abandoned Trunk;Container;0;0;0;0;0;0;Someone's Belongings;Hopefully has something valuable inside.<br>;
Afflicted Necropolis;🕋;Burial Chamber;Container;0;0;0;0;0;0;Indestructible;Has a small keyhole on top.<br>;Revealed precious treasure.
Afflicted Necropolis;🚪;Strange Door;Container;0;0;0;0;0;0;Unknown;Ornate door shimmering at the edges.<br>;
Afflicted Necropolis;🧠;Sticky Brains;Container;0;0;0;0;0;0;Mind Residence;Half-dry human remains.<br>;Ugh... That was disgusting.
//;Afflicted Necropolis;👝;Lost Purse;Container;0;0;0;0;0;0;Someone's Belongings;Hopefully has something valuable inside<br>;

Afflicted Necropolis;🫧;Bubbling Chasm;Fishing;0;0;0;0;0;0;Opportunity;Murky liquid bubbling on the surface.<br>;
Afflicted Necropolis;🕳️;Splashing Pit;Fishing;0;0;0;0;0;0;Danger Zone;Splashing echoes deep down below.<br>;

Afflicted Necropolis;🫁;Collapsed Lungs;Curse;0;0;-2;0;0;0;Moment of Crisis;Cannot really catch a breath!<br>;
Afflicted Necropolis;👁️‍🗨️;Haunting Voice;Curse;0;0;0;0;-2;0;Misfortune;Eerie whispers are echoing around.<br>;Suffered mental damage.
Afflicted Necropolis;�️;Bottomless Pit;Trap-Roll;-10;0;0;0;0;0;Mystery;Better not mess around and walk away,<br>;Slipped right into it.
❄️🌨️🌫🥶☃️⛄️️

Altars

Afflicted Necropolis;🪱;Nasty Parasite;Small;1;3;1;0;-1;0;Arthropod;Dangerous fishing bait.<br>;
Afflicted Necropolis;🪱;Bloodsucking Worm;Small;1;0;0;0;-1;0;Arthropod;Dangerous fishing bait.<br>;
Afflicted Necropolis;🪱;Venomous Larva;Small;1;3;1;0;-1;0;Arthropod;Dangerous fishing bait.<br>;
Afflicted Necropolis;🪱;The Glowing One;Small;1;0;0;0;-1;2;Arthropod;Dangerous fishing bait.<br>;
Afflicted Necropolis;🪱;Chewing Worm;Small;1;3;1;0;-1;0;Arthropod;Makes a perfect fishing bait.<br>;
Afflicted Necropolis;🪱;Mosqito Larva;Small;1;1;1;0;-1;0;Arthropod;Makes a perfect fishing bait.<br>;
Afflicted Necropolis;🪱;Bloodsucking Tapeworm;Small;1;1;1;0;-1;0;Arthropod;Dangerous fishing bait.<br>;
Afflicted Necropolis;🪱;Nasty Leech;Small;1;1;1;0;-1;0;Arthropod;Dangerous fishing bait.<br>;
Afflicted Necropolis;🪱;Parasitic Worm;Small;1;1;1;0;-1;0;Arthropod;Dangerous fishing bait.<br>;
Afflicted Necropolis;🪰;Bloodsucking Fly;Small;1;0;2;0;-1;0;Annoying Insect;Sits on skin again and again.<br>;Contracted a deadly disease.
Afflicted Necropolis;🦟;Pesky Mosqito;Small;3;2;2;0;5;0;Insect;Screams echo around the crypt.<br>Goosebumps.;Gloomy Cavern;🐺;Ghastly Wolf;Heavy;3;4;1;0;10;3;Apex Predator;Winding up for a powerful attack.<br>Better avoid it.;Got ripped apart
Afflicted Necropolis;🦗;Ferocious Cricket;Small;3;2;2;0;5;0;Insect;Screams echo around the crypt.<br>Goosebumps.;Gloomy Cavern;🐺;Ghastly Wolf;Heavy;3;4;1;0;10;3;Apex Predator;Winding up for a powerful attack.<br>Better avoid it.;Got ripped apart
Afflicted Necropolis;🪳;Glowing Cockroach;Small;2;1;1;0;-1;2;Annoying Insect;Carries a giant pair of mandibles.<br>;Contracted a deadly disease.

Pet

Friend 👰🏻‍♀️🤴🏻👸🏻

Standard 🏻🧙🏻‍♀️🧙🏻‍♂️

Afflicted Necropolis;🧙;Necromancer;Recruit;3;1;1;0;3;3;Outcast Hermit;Noticed suspicious activity in their camp.<br><i>"Never should have come here!"</i>;

Afflicted Necropolis;🦇;Screaming Bat;Swift;3;2;2;0;5;0;Flying Mammal;Screams echo around the crypt.<br>Goosebumps.;Gloomy Cavern;🐺;Ghastly Wolf;Heavy;3;4;1;0;10;3;Apex Predator;Winding up for a powerful attack.<br>Better avoid it.;Got ripped apart

Heavy??

Afflicted Necropolis;👻;Spooky Ghost;Spirit;4;2;3;0;3;2;Eerie Being;A ghost appeared out of nowhere.<br>A little bit scary in this darkness.;

Afflicted Necropolis;🧟;Animated Dead;Undead;1;2;1;0;4;1;Restless Body;It surely carries lot of diseases.<br>Better keep distance.;Hands started to rot
Afflicted Necropolis;🧟;Tired Zombie;Undead;2;2;1;0;4;1;Restless Body;It surely carries lot of diseases.<br>Better keep distance.;Hands started to rot
Afflicted Necropolis;🧟‍♀️;Indifferent Zombie;Undead;3;2;1;0;4;1;Restless Body;It surely carries lot of diseases.<br>Better keep distance.;Hands started to rot
Afflicted Necropolis;🧟‍♂️;Walking Dead;Undead;2;3;2;0;4;1;Restless Body;It surely carries lot of diseases.<br>Better keep distance.;Hands started to rot
Afflicted Necropolis;🐦‍⬛;Undead Crow;Undead;3;3;3;0;1;0;Wild Animal;Looks for a long lost mate.<br>;Got both eyes pecked out.

Afflicted Necropolis;🧛🏼;Thirsty Vampire;Demon;2;2;2;0;5;0;Humanoid;Charges furiously forward to attack.<br>;Got their heart ripped out!
Afflicted Necropolis;🧛🏼‍♂️;Zealous Vampire;Demon;3;2;1;0;7;0;Humanoid;Charges furiously forward to attack.<br>;Got their heart ripped out!
Afflicted Necropolis;🧛🏼;Ancient Vampire;Demon;2;2;1;0;-1;0;Humanoid;Looks like still got it.<br>;Got their heart ripped out!
Afflicted Necropolis;🧛🏼;Fearsome Vampire;Demon;3;3;2;0;-1;0;Humanoid;Slowly walks onwards.<br>;Got their heart ripped out!

Afflicted Necropolis;👺;Haunting Spirit;Boss-Spirit;2;2;4;0;4;2;Eerie Being;A ghost appeared out of nowhere.<br>A little bit scary in this darkness.;The spirit cannot be physically hit
Afflicted Necropolis;🎃;Overgrown Pumpkin;Boss-Heavy;6;4;2;0;-1;0;Cursed Being;The silhouette changed to a human.<br>They are willing to <b>enchant you</b>.;
Afflicted Necropolis;👰🏻‍♀️;The Snow White;Boss-Spirit;2;1;2;0;10;2;Mythic Person;Does not look that friendly.<br>;Put to sleep forever.
Afflicted Necropolis;🧞;Evil Genie;Boss-Spirit;2;0;0;0;10;4;Magic Creature;Asks for an immediate attention.<br>;Granted a death wish.
Afflicted Necropolis;🤺;Mysterious Blademaster;Boss-Swift;3;2;4;0;10;0;Unforgiving Opponent;Asks for an immediate attention.<br>;Received a mysterious item.

Afflicted Necropolis;🦷;Lucky Tooth;Item;0;0;0;3;-2;0;Questionable Trinket;It would be very bizzare to pick this up.<br>Provides <b>+3 🍀 Luck</b> for <b>-2 🧠 Intellect</b>.;Ewwww...
Afflicted Necropolis;🦴;Human Femur;Item;0;0;0;0;0;0;Human Remains;May the previous owner rest in pieces.br>;Makes one bit uncomfortable.
Afflicted Necropolis;💍;Engagement Ring;Item;2;0;0;0;0;0;Shiny Object;It could still warm someone's heart.<br><br>Provides <b>+2 ❤️ Health</b>.;Felt a surge in the chest.
Afflicted Necropolis;👗;Haunted Dress;Item;-1;0;0;0;0;1;Animated Object;Probably a side-effect of a spell gone wild.<br>Provides <b>+1 🔵 Mana</b> for <b>-1 💔 Health</b>.;Embraced the cold
Afflicted Necropolis;🗡️;Possesed Dagger;Item;-2;2;0;0;0;0;Deadly Weapon;First touch always cuts the wearer.<br>Provides <b>+2 ⚔️ Damage</b> for <b>-2 💔 Health</b>.;Accidentaly cut themselves

Afflicted Necropolis;🫀;Rotten Heart;Consumable;0;0;0;0;-1;0;Disgusting Sight;Does not look appealing.<br>;What have you done?!
Afflicted Necropolis;🥔;Dry Potato;Consumable;0;0;0;0;0;0;Ancient Food;Looks all shiny and juicy.<br>Restores <b>❤️ Health</b> and <b>🟢 Energy</b>.;
Afflicted Necropolis;🥜;Crunchy Peanut;Consumable;0;0;0;0;0;0;Ancient Food;Looks all shiny and juicy.<br>Restores <b>❤️ Health</b> and <b>🟢 Energy</b>.;
Afflicted Necropolis;🧀;Mouldy Cheese;Consumable;0;0;0;-1;0;0;Questionable Delicacy;Smells exactly like <b>-1 🍀 Luck</b>.<br>...still tempting though.;Reeks of bad luck

Afflicted Necropolis;🎓;Scholar's Hat;Item;0;0;0;0;0;0;<b>Artifact</b>;<b>✏️ Experience</b> gains are <b>increased by 25%</b><br><i>Anyone looks way smarter wearing this.<i>;Already feeling wiser!
Afflicted Necropolis;💠;Crystal Shield;Item;0;0;0;0;0;0;<b>Artifact</b>;Provides a new skill <b>💠 Reflect Magic</b>.<br>33% chance to <b>resist enemy spells</b>.;Gained skill <b>💠 Reflect Magic</b>.
Afflicted Necropolis;🖤;Obsidian Heart;Item;0;0;0;0;0;0;<b>Artifact</b>;Provides a new skill <b>🖤 Unbreakable</b>.<br><b>Resist +1 ⚔️ physical damage</b>.;Gained skill <b>🖤 Unbreakable</b>.
Afflicted Necropolis;🫀;Backup Heart;Item;0;0;0;0;0;0;<b>Artifact</b>;Provides a new skill <b>💀 Cheat Death Sentece</b>.<br>Get a <b>second chance to live</b> upon dying.;Gained skill <b>💀 Cheat Death</b>.
Afflicted Necropolis;⚖️;Offensive Scales;Item;0;0;0;0;0;0;<b>Artifact</b>;Trade <b>1/2 ❤️ Health</b> for that much <b>⚔️ Attack</b>.<br>;Traded <b>1/2 ❤️ Health</b> for <b>⚔️ Attack</b>.
Afflicted Necropolis;🥀;Weeping Rose;Item;-1;0;0;0;0;0;<b>Artifact</b>;Sacrifice -1 ❤️ for <b>🥀 Thorns Payback</b>.<br><b>Deal -1 💔 when hit</b> by any physical attack.;Obtained <b>🥀 Thorns Payback</b>.
Afflicted Necropolis;🛡️;Unstable Shield;Item;0;0;0;0;0;0;<b>Artifact</b>;Provides a new skill <b>🛡 Random Block</b>.<br>33% chance to <b>avoid physical damage</b>.;Gained skill <b>🛡 Random Block</b>.
Afflicted Necropolis;🪆;Sinister Idol;Item;0;0;0;0;0;0;<b>Artifact</b>;<b>🪬 Curse</b> gets 33% chance to <b>🧬 Polymorph</b>.<br>Transform the enemy to a random critter.;Gained skill <b>🧬 Polymorph</b>.
Afflicted Necropolis;🔮;Radiating Oracle;Item;0;0;0;0;0;0;<b>Artifact</b>;Provides a new skill <b>👁️ Vivid Dream</b>.<br>33% chance to get +1 <b>🔵 Mana</b> on <b>💤 Sleep</b>.;Gained skill <b>👁️ Vivid Dream</b>.
Afflicted Necropolis;🧪;Ancient Experiment;Item;0;0;0;0;0;0;<b>Questionable Drink</b>;<b>🧬 Polymorph</b> into a random creature.<br><i>Drink solely at your own risk.</i>;Something feels different.
Afflicted Necropolis;🀄️;Life-Stealing Rune;Item;0;0;0;0;0;0;<b>Artifact</b>;Melee <b>⚔️ Attacks</b> have 33% chance<br> to restore <b>+1 ❤️ Health</b> on a successful hit.;
