//Small, Standard, Stingy, Toxic, Hot, "Swift","Heavy","Tough","Reflective","Demon","Spirit", Undead

River - 🦕 Nessie
River of Sorrows;🐠;Tropical Fish;Standard;1;0;3;0;-1;0;1;Harmless Critter;Minding its own business.<br>;Not really sure what happened.
River of Sorrows;🐟;Chill Tuna;Standard;2;0;2;0;-1;0;1;Harmless Critter;Minding its own business.<br>;Not really sure what happened.

River of Sorrows;🧜‍♂️;Drowned Tempter;Demon;2;2;2;0;2;1;0;Abyssal Charmer;Promises breath beneath the waves.<br>;You followed him under\ and never surfaced.
River of Sorrows;🦑;Inkclaw Fiend;Demon;2;3;2;0;1;1;0;Abyssal Stalker;Black ink shapes into cruel limbs.<br>;It wrapped around you and drank deep.
River of Sorrows;🧜‍♀️;Siren of Silt;Demon;2;1;3;0;3;1;0;Luring Shade;Voice muffled\ eyes burning bright below.<br>;You leaned closer and the river took you.
River of Sorrows;🐉;Brine Hellkite;Demon;3;3;2;0;1;2;0;Abyssal Drake;Scales drip seawater and spite.<br>;Its jaws closed and the tide rose inside you.

----

Forsaken Village;🐉;Glassscale Wyrmling;Reflective;3;4;2;0;0;0;0;Reflective Beast;Tiny dragon\ hide like mirrors stitched together.<br>;Reflected magic sliced you open.
Forsaken Village;📯;Echoing Knight;Reflective;3;4;2;0;0;0;0;Reflective Guardian;Polished horned helm mirrors every swing you take.<br>;Your spell thundered through your chest.
Forsaken Village;🪞;Gilded Mirrorkin;Reflective;4;3;2;0;0;0;0;Reflective Construct;Polished plates flash your own attacks back at you.<br>;Reflected strike cut you down.

Forsaken Village;🧫;Culture of Rot;Toxic;3;3;3;0;1;0;0;Toxic Bloom;A living stain that creeps toward warm skin.<br>;Rot crept up your arm.
Forsaken Village;🕷️;Blight Widow;Toxic;3;3;3;0;0;0;0;Toxic Arachnid;Its fangs drip threads of smoky venom.<br>;Every bite burned from within.
Forsaken Village;🧴;Seeping Flask;Toxic;3;3;3;0;0;0;0;Toxic Relic;Cracked bottle\ fumes leaking in slow poisonous ribbons.<br>;Vapors gnawed into your lungs.
Forsaken Village;☣️;Quarantine Walker;Toxic;3;4;3;0;0;0;0;Toxic Corpse;Wrapped in ruined warning tape and coughing spores.<br>;Contact filled your lungs with poison.

Forsaken Village;🦃;Spinecrest Fowl;Stingy;3;3;2;0;0;0;0;Stingy Bird;Feathers sharpened into jagged blades.<br>;Wings shredded your grasping hands.
Forsaken Village;🦔;Needleback Vermin;Stingy;2;4;2;0;0;0;0;Stingy Beast;Quills bristle at the slightest movement around it.<br>;Snatch failed\ hands came shredded.
Forsaken Village;🧷;Pinned Crawler;Stingy;2;4;2;0;0;0;0;Stingy Lurker;Safety pins jut from its joints like tiny spears.<br>;Pins drove straight through your palm.
Forsaken Village;📎;Wirebound Skulker;Stingy;2;4;2;0;0;0;0;Stingy Lurker;Rusty wires coil around its limbs like traps.<br>;Grip tightened\ wires tore skin.

Forsaken Village;🦍;Graveyard Brute;Tough;5;3;3;0;0;0;2;Tough Abomination;A hulking shape wrapped in broken tombstones.<br>;You hammered endlessly\ it shrugged.
Forsaken Village;🛡️;Barricade Shade;Tough;5;3;3;0;0;0;2;Tough Sentinel;A ghost wrapped in broken shields and nailed planks.<br>;Your blows barely made splinters.
Forsaken Village;🧱;Barricade Warden;Tough;5;3;3;0;0;0;2;Tough Guardian;Half wall\ half knight\ all stubborn resistance.<br>;Weapon dulled before Warden yielded.

Forsaken Village;🐐;Blazehorn Goat;Hot;3;4;2;0;0;0;0;Hot Beast;Horns glow faintly\ dripping sparks when it snorts.<br>;Reins burned fire up your arms.

River of Sorrows;🦈;Glimmerjaw Hunter;Reflective;4;4;2;0;0;0;0;Reflective Predator;Teeth like wet glass\ always showing your own fear.<br>;Curved magic carved into you.
River of Sorrows;🦚;Prism Feather Fiend;Reflective;3;3;3;0;0;0;0;Reflective Horror;Its spreading tail scatters light into blinding shards.<br>;Refracted ray pierced your guard.
River of Sorrows;💿;Mirror Disc Phantom;Reflective;3;3;3;0;0;0;0;Reflective Spirit;Spinning plates of light orbit its hollow frame.<br>;Ray returned twice as bright.

River of Sorrows;🦞;Spineclaw Lurker;Stingy;3;3;2;0;0;0;0;Stingy Crustacean;Joints and claws lined with barbed ridges.<br>;Barbs stayed buried in skin.
River of Sorrows;🐚;Spined Shell Wretch;Stingy;3;3;2;0;0;0;0;Stingy Beast;A hunched thing hiding in a shell lined with barbs.<br>;Hauling it out flayed hands.
River of Sorrows;🦀;Hookclaw Scavenger;Stingy;3;4;2;0;0;0;0;Stingy Crustacean;Rusty hooks grow where claws should be.<br>;It answered curiosity with steel.

River of Sorrows;🦬;Stoneback Bison;Tough;6;3;3;0;0;0;3;Tough Charger;Mossy boulders cling to its spine like armor.<br>;Blade skidded with shrill screech.
River of Sorrows;🦏;Barnacled Charger;Tough;6;4;2;0;0;0;2;Tough Beast;Hide crusted with stone and river growth.<br>;Weapon bounced like useless driftwood.
River of Sorrows;⚓;Rustbound Titan;Tough;6;4;2;0;0;0;2;Tough Relic;A drowned hulk of chains and anchor shards drags itself ashore.<br>;Strikes rang hollow on rust.

River of Sorrows;🐍;Lava Coil Serpent;Hot;4;4;2;0;0;0;0;Hot Serpent;Scales glow like cooling magma along its spine.<br>;Touch alone cooked your hands.
River of Sorrows;🌋;Ventborn Stalker;Hot;4;4;2;0;0;0;0;Hot Beast;Steam hisses from cracks along its spine like tiny volcanoes.<br>;Shove ended in scalded bone.
River of Sorrows;🔱;Boiling Depth Warden;Hot;4;3;3;0;0;0;0;Hot Guardian;Water hisses on its skin\ forever on the brink of steam.<br>;Contact scalded you from within.
River of Sorrows;🧫;Seeping Plaguehost;Toxic;4;4;2;0;0;0;0;Toxic Undead;Its skin drips a burning film that eats through steel.<br>;Rot chewed straight through bone.

Shrouded Vale;🦉;Glassfeather Watcher;Reflective;4;3;3;0;0;0;0;Reflective Sentinel;Owl-shaped shade with mirror-polished plumage.<br>;Reflected spell crushed your chest.
Shrouded Vale;👁️;Glaring Revenant;Reflective;4;3;3;0;0;0;0;Reflective Spirit;A single huge eye mirrors every gesture you make.<br>;Flashing gaze hurled spell back.
Shrouded Vale;💠;Shardwrought Bride;Reflective;4;3;3;0;0;0;0;Reflective Revenant;Her broken veil gleams like jagged glass around her face.<br>;Kissed her cheek\ carved you.
Shrouded Vale;🔷;Prism Revenant;Reflective;3;3;2;0;0;0;0;Reflective Wraith;A fractured outline of yourself\ gleaming with cold light.<br>;Spell rebounded into your flesh.

Shrouded Vale;🦠;Grinning Blightmass;Toxic;4;3;2;0;0;0;0;Toxic Maw;A lump of flesh with too many smiling mouths.<br>;Venom sang in your veins.
Shrouded Vale;🦂;Plague Scorpion;Toxic;4;3;2;0;0;0;0;Toxic Predator;Its tail leaks a glowing black fluid onto the ground.<br>;Shell’s touch seared to blood.
Shrouded Vale;🫧;Rotten Miasma;Toxic;4;3;2;0;0;0;0;Toxic Spirit;A wobbling cluster of oily bubbles that pop into bitter gas.<br>;Burst fumes blistered your flesh.
Shrouded Vale;🧪;Corrosive Acolyte;Toxic;3;3;3;0;1;0;0;Toxic Fanatic;Every step spills sizzling droplets on the ground.<br>;Brush ignited fire in veins.

Shrouded Vale;🌵;Barbed Penitent;Stingy;3;3;2;0;0;0;0;Stingy Undead;Wrapped in dry thorns and old confession ribbons.<br>;Thorns collected unpaid sins.
Shrouded Vale;🐂;Ironhorn Shade;Tough;6;3;3;0;0;0;3;Tough Specter;Heavy ghostly horns drag gouges into the earth.<br>;Strikes rattled frame\ not will.
Shrouded Vale;🗿;Gravestone Colossus;Tough;6;3;3;0;0;0;3;Tough Construct;Stacks of broken markers shamble as one heavy shape.<br>;You chipped stone\ then collapsed.
Shrouded Vale;🪨;Tombstone Bulwark;Tough;6;3;3;0;0;0;3;Tough Guardian;Layered grave slabs grind together as it moves.<br>;Cracked stone\ resolve then failed.
Shrouded Vale;🔥;Furnace Herald;Hot;4;4;2;0;0;0;0;Hot Champion;Breath steams through the visor\ hot enough to warp steel.<br>;Guard melted\ blow burned through.
Shrouded Vale;🦎;Ashback Salamander;Hot;4;3;2;0;0;0;0;Hot Amphibian;Charcoal body\ embers pulsing under the skin.<br>;Careless touch cooked your fingers.

Twisted Fairyland;👁️;Mirrorwing Horror;Reflective;3;4;3;0;0;0;0;Reflective Fiend;Its many eyes flash back every mote of magic.<br>;Gaze split spell\ hit twice.
Twisted Fairyland;💠;—;—;—;—;—;—;—;—;—;—;—;—  <!-- ignore stray if any -->

Twisted Fairyland;🎭;Masquerade Shade;Reflective;2;3;3;1;0;0;0;Reflective Spirit;Masks flicker over its face\ each one copying your fear.<br>;Every spell fed its grin.

Twisted Fairyland;🐙;Sludge-Tentacle Spawn;Toxic;3;4;2;0;0;0;0;Toxic Aberration;Oily limbs leave smoking prints behind.<br>;Step too close\ boots burned.
Twisted Fairyland;🦠;Virulent Crawler;Toxic;3;4;2;0;1;0;0;Toxic Swarm;A clump of living rot that clings to anything warm.<br>;Touch bloomed poison through veins.
Twisted Fairyland;🧉;Venom Infusion;Toxic;3;4;2;0;1;0;0;Toxic Brew;A sloshing gourd of hissing green liquid that crawls like a body.<br>;Rim kiss spread venom inside.

Twisted Fairyland;🦎;Needletail Skitter;Stingy;2;3;3;1;0;0;0;Stingy Reptile;Its whip-like tail ends in a cluster of spikes.<br>;Caught tail\ it caught you.
Twisted Fairyland;🪙;Coinspine Imp;Stingy;2;3;3;1;0;0;0;Stingy Trickster;Glittering coins hammered into its skin like nails.<br>;Greedy grab left you bleeding.
Twisted Fairyland;🪡;Needlekin Doll;Stingy;2;3;3;0;1;0;0;Stingy Construct;A stitched toy with pins where its heart should be.<br>;Clutch drove pins through heart.

Twisted Fairyland;🦛;Gravehide Behemoth;Tough;6;4;2;0;0;0;2;Tough Beast;Skin like packed clay and tombstone dust.<br>;Blow sank like tossed pebble.
Twisted Fairyland;🚢;—;—;—;—;—;—;—;—;—;—;—;—  <!-- ignore stray if any -->

Twisted Fairyland;🐺;Emberfang Hound;Hot;3;3;3;0;0;0;0;Hot Beast;Ash and cinders fall from its matted fur.<br>;Collar grasp scorched your flesh.
Twisted Fairyland;🍲;Boiling Cauldronling;Hot;3;3;3;0;0;0;0;Hot Homunculus;A squat walking pot\ stew forever at a rolling boil.<br>;Rim grip boiled your skin.
Twisted Fairyland;🕯️;Cinderlit Maiden;Hot;3;4;2;0;0;0;0;Hot Revenant;Wax and ember drip from her fingertips like blood.\ Blocking only fed the flames.<br>;Her touch branded your bones.

Wildland Meadows;🦨;Barbed Stinktail;Stingy;2;3;3;0;0;0;0;Stingy Critter;Its tail bristles with hooked spines and foul spray.<br>;Shoo attempt left you bleeding.

Wildland Meadows;🐓;Cindercrest Rooster;Hot;3;3;3;0;0;0;0;Hot Fowl;Feathers smolder where the wind touches them.<br>;Seizing it blistered your palms.
Wildland Meadows;🐉;Cinderwing Whelp;Hot;3;4;2;0;0;0;0;Hot Drake;Tiny dragon\ breath like a forge on the verge of breaking.<br>;Hold failed\ grip blistered.
Wildland Meadows;🔥;Kindled Husk;Hot;3;4;2;0;0;0;0;Hot Corpse;Its ribs glow like a cramped furnace.\ Blocking only stoked the blaze.<br>;Arms caught fire\ you screamed.

---

Wildland Meadows;🪤;Rusty Snare;Trap;-2;0;0;0;0;0;Old Trap;Hidden in the tall grass.<br>;Leg caught\ bones nearly snapped.
Wildland Meadows;🗿;Tipping Idol;Trap;-2;0;0;0;0;0;Loose Monument;Looks ready to fall over.<br>;It toppled straight onto you.
Wildland Meadows;🪵;Rotten Log;Trap;-1;0;0;0;0;0;Natural Hazard;Hollow and crawling inside.<br>;It collapsed\ you fell hard.
Wildland Meadows;🪙;Coin Lure;Trap;-1;0;0;-1;0;0;Suspicious Bait;Someone left this on purpose.<br>;You bent down\ trap snapped.
Wildland Meadows;🧱;Cracked Wall;Trap;-2;0;0;0;0;0;Weak Structure;Looks ready to give way.<br>;Stones crumbled over your head.

Forsaken Village;🪦;Loose Headstone;Trap;-2;0;0;0;0;0;Grave Marker;Leaning at a bad angle.<br>;It toppled and crushed your foot.
Forsaken Village;🧵;Dangling Wire;Trap;-1;0;-1;0;0;0;Urban Hazard;Barely visible in the dark.<br>;You walked through\ got sliced.
Forsaken Village;🧱;Collapsed Arch;Trap;-3;0;0;0;0;0;Ruined Passage;Rocks hang overhead\ barely.<br>;Whole arch came down on you.
Forsaken Village;🪣;Trip Bucket;Trap;-1;0;-1;0;0;0;Cheap Trick;Balanced awkwardly by the door.<br>;You slipped\ skull met the floor.
Forsaken Village;🪟;Shattered Window;Trap;-1;0;0;0;0;0;Broken Glass;Edges glint in faint light.<br>;You brushed past\ got shredded.

Twisted Fairyland;🎠;Broken Carousel Horse;Trap;-2;0;0;0;0;0;Faded Attraction;Metal pole is loose.<br>;It snapped and skewered you.
Twisted Fairyland;🎪;Torn Tent Pole;Trap;-2;0;0;0;0;0;Abandoned Fair;Guy-rope lines the ground.<br>;You tripped\ neck hit the pole.
Twisted Fairyland;🎈;Tangled Balloons;Trap;-1;0;-1;0;0;0;Playful Hazard;Strings curl around your feet.<br>;You fell\ something snapped inside.
Twisted Fairyland;🧸;Broken Toy Pile;Trap;-1;0;0;0;0;0;Discarded Playthings;Looks harmless at first glance.<br>;Hidden nails tore your legs.
Twisted Fairyland;🎭;Fallen Mask Rack;Trap;-2;0;0;0;0;0;Prop Storage;Stand leans dangerously forward.<br>;Whole rack collapsed onto you.

River of Sorrows;⚓;Loose Anchor Chain;Trap;-2;0;0;0;0;0;Mooring Hazard;Half-buried in wet mud.<br>;Chain whipped and broke your ribs.
River of Sorrows;🗜️;Rusty Clamp;Trap;-1;0;0;0;0;0;Old Gear;Still half-bolted to a plank.<br>;It snapped shut on your hand.
River of Sorrows;🪝;Bent Fishhook Line;Trap;-1;0;-1;0;0;0;Fishing Hazard;Hooks glint under shallow water.<br>;You stumbled\ hooks bit deep.
River of Sorrows;🛟;Loose Lifering;Trap;-2;0;0;0;0;0;False Safety;Rope coils around your ankles.<br>;It dragged you under the surface.
River of Sorrows;🛶;Capsized Canoe;Trap;-2;0;0;0;0;0;Sunken Wreck;Balanced badly on the bank.<br>;You slipped\ canoe crushed you.

Shrouded Vale;🕯️;Spilled Wax Patch;Trap;-1;0;-1;0;0;0;Ritual Remnant;Floor glistens in dim light.<br>;You slid and hit stone.
Shrouded Vale;🕳️;Covered Hollow;Trap;-3;0;0;0;0;0;False Floor;Old boards hide darkness below.<br>;They snapped\ you vanished down.
Shrouded Vale;🩸;Dried Blood Sigil;Trap;-1;0;0;0;-1;0;Forbidden Mark;Pattern twists if you stare.<br>;Head pounded until you fell.
Shrouded Vale;🪦;Cracked Mausoleum Step;Trap;-2;0;0;0;0;0;Old Stone;Edge crumbles when pressed.<br>;You slipped\ spine met the corner.
Shrouded Vale;🧱;Loose Ceiling Brick;Trap;-2;0;0;0;0;0;Rotten Vault;Dust sprinkles from above.<br>;It dropped\ lights went out.

Wildland Meadows;📜;Tattered Signpost;Trap-Attack;-1;1;0;0;0;0;Hidden Mechanism;Arrow points a bit too low.<br>;Dart shot from the post.
Wildland Meadows;🧺;Foraged Basket;Trap-Attack;-1;1;0;0;0;0;Suspicious Offering;Looks freshly prepared\ oddly so.<br>;Snake sprang from inside.
Wildland Meadows;📦;Strange Crate;Trap-Attack;-2;1;0;0;0;0;Suspicious Cargo;Lid is already cracked.<br>;Lid slammed shut on you.
Wildland Meadows;🎁;Wrapped Parcel;Trap-Attack;-1;1;0;0;0;0;Suspicious Gift;Ribbons twitch slightly.<br>;Opening triggered a hidden blade.
Wildland Meadows;🧊;Icy Patch;Trap-Attack;-1;1;-1;0;0;0;Cold Hazard;Formed where it shouldn’t.<br>;You slipped into sharp rocks.

Forsaken Village;📻;Hissing Radio;Trap-Attack;-1;1;0;0;0;0;Old Device;Static grows when you near.<br>;It screamed\ you dropped bleeding.
Forsaken Village;📚;Falling Book Stack;Trap-Attack;-2;1;0;0;0;0;Unstable Shelf;Leaning dangerously forward.<br>;Whole stack broke your nose.
Forsaken Village;📮;Rigged Mailbox;Trap-Attack;-2;1;0;0;0;0;Tampered Slot;Flag is stuck halfway up.<br>;Door snapped shut on fingers.
Forsaken Village;🚪;Trapped Doorframe;Trap-Attack;-3;1;0;0;0;0;Suspicious Entry;Nails glint along the top.<br>;A spike dropped as you passed.
Forsaken Village;🕯️;Rigged Candleholder;Trap-Attack;-1;1;0;0;0;0;Shaky Fixture;Wax hides thin wires.<br>;Flame and metal lashed out.

Twisted Fairyland;🎡;Broken Ferris Car;Trap-Attack;-3;1;0;0;0;0;Abandoned Ride;Hanging at a bad angle.<br>;It swung down into you.
Twisted Fairyland;🎢;Creaking Rail;Trap-Attack;-2;1;0;0;0;0;Old Track;Bolts are half missing.<br>;Metal snapped and speared you.
Twisted Fairyland;🎲;Loaded Dice Cup;Trap-Attack;-1;1;0;1;0;0;Cheater’s Toy;Keeps rattling on its own.<br>;Trap sprung when you lifted it.
Twisted Fairyland;📎;Spring Clamp Toy;Trap-Attack;-1;1;0;0;0;0;Cheap Prize;Jaw is wound too tight.<br>;Snap caught your hand.
Twisted Fairyland;🎹;Falling Keyboard;Trap-Attack;-2;1;0;0;0;0;Stage Prop;Mounted with frayed rope.<br>;It dropped on your skull.

River of Sorrows;🛢️;Rigged Oil Drum;Trap-Attack;-3;1;0;0;0;0;Tainted Barrel;Leaks something flammable.<br>;Kick sent shrapnel everywhere.
River of Sorrows;🕯️;Lantern Tripwire;Trap-Attack;-2;1;0;0;0;0;Riverbank Light;Hung on a thin cord.<br>;It fell\ glass cut deep.
River of Sorrows;📦;Waterlogged Crate;Trap-Attack;-2;1;0;0;0;0;Half-Sunk Cargo;Looks easy to pry open.<br>;Lid snapped\ smashing fingers.
River of Sorrows;🚧;Rusty Barricade;Trap-Attack;-2;1;0;0;0;0;Old Blockade;Edges bristle with torn metal.<br>;You pushed\ metal tore skin.
River of Sorrows;🪝;Counterweight Hook;Trap-Attack;-3;1;0;0;0;0;Dock Mechanism;Hangs above stale water.<br>;Line snapped\ hook crushed you.

Shrouded Vale;⚰️;Swinging Coffin Lid;Trap-Attack;-3;1;0;0;0;0;Grave Mechanism;Lid is chained overhead.<br>;It slammed straight into you.
Shrouded Vale;🔔;Falling Bell;Trap-Attack;-3;1;0;0;0;0;Silent Alarm;Rope is worn thin.<br>;Bell dropped\ ribs cracked loudly.
Shrouded Vale;📜;Cursed Scroll Case;Trap-Attack;-2;1;0;0;0;0;Forbidden Relic;Seal looks freshly broken.<br>;Opening spat burning sigils.
Shrouded Vale;🧿;Warding Charm;Trap-Attack;-1;1;0;0;0;0;Defensive Relic;Eye pattern follows you.<br>;It flashed\ blinding and cutting.
Shrouded Vale;🪙;Funeral Coin Pile;Trap-Attack;-1;1;0;0;0;0;Grave Offering;Stacked too neatly to ignore.<br>;Touching triggered hidden spikes.

Wildland Meadows;🪵;Loose Plank;Trap-Roll;-1;0;-1;0;0;0;Unstable Ground;Out of place in the path.<br>;You stumbled trying to dodge.
Wildland Meadows;🪜;Fallen Ladder;Trap-Roll;-1;0;-1;0;0;0;Abandoned Tool;Rungs snap under pressure.<br>;You rolled\ caught on splinters.
Wildland Meadows;🎍;Garden Stakes;Trap-Roll;-1;0;-1;0;0;0;Field Hazard;Thin poles line the edges.<br>;A bad roll skewered your side.
Wildland Meadows;🪑;Broken Chair;Trap-Roll;-1;0;-1;0;0;0;Camp Remnant;Legs lean the wrong way.<br>;You rolled into jagged wood.
Wildland Meadows;🧺;Berry Bush Pile;Trap-Roll;-1;0;-1;0;0;0;Thorny Cluster;Looks soft from afar.<br>;Dodging ended in scratches.

Forsaken Village;🧱;Rubble Heap;Trap-Roll;-2;0;-1;0;0;0;Collapsed House;Bricks are barely balanced.<br>;You rolled\ rubble buried you.
Forsaken Village;🧵;Hanging Laundry Line;Trap-Roll;-1;0;-1;0;0;0;Street Hazard;Stretched across narrow alley.<br>;You dodged\ got tangled and fell.
Forsaken Village;🪤;Rat Trap Cluster;Trap-Roll;-1;0;-1;0;0;0;Pest Control;Springs are still loaded.<br>;Roll triggered a dozen snaps.
Forsaken Village;🪑;Flipped Bench;Trap-Roll;-1;0;-1;0;0;0;Street Debris;Half buried in mud.<br>;You rolled over\ back cracked.
Forsaken Village;🪟;Window Shards;Trap-Roll;-1;0;-1;0;0;0;Glass Field;Glitters across the floor.<br>;Dodge ended in sliced palms.

Twisted Fairyland;🎠;Loose Platform;Trap-Roll;-2;0;-1;0;0;0;Ride Base;Bolts clatter when stepped on.<br>;Roll sent it tilting over.
Twisted Fairyland;🎪;Guy-Rope Web;Trap-Roll;-1;0;-1;0;0;0;Tangled Lines;Ropes crisscross the ground.<br>;You rolled\ trussed like a toy.
Twisted Fairyland;🎁;Gift Box Pile;Trap-Roll;-1;0;-1;0;0;0;Abandoned Prize;Stacked too high to be safe.<br>;Dodge toppled boxes onto you.
Twisted Fairyland;🎢;Bent Support Beam;Trap-Roll;-2;0;-1;0;0;0;Ride Remnant;Creeks when you brush past.<br>;Roll snapped the beam down.
Twisted Fairyland;🎈;String Snare;Trap-Roll;-1;0;-1;0;0;0;Party Trap;Strings knot around ankles.<br>;You rolled\ got yanked sideways.

River of Sorrows;🛟;Rope Snag;Trap-Roll;-1;0;-1;0;0;0;Mooring Line;Coils hide under thin water.<br>;Dodge wrapped rope round legs.
River of Sorrows;🪝;Hooked Net;Trap-Roll;-2;0;-1;0;0;0;Old Catch;Weights line its edges.<br>;You rolled\ net dragged you under.
River of Sorrows;🛶;Half-Sunk Skiff;Trap-Roll;-2;0;-1;0;0;0;Wrecked Boat;Tilts with every movement.<br>;Roll tipped it onto you.
River of Sorrows;📦;Crate Stack;Trap-Roll;-1;0;-1;0;0;0;Dock Storage;Pile leans over the edge.<br>;Your dodge brought them down.
River of Sorrows;⚓;Line Tangle;Trap-Roll;-1;0;-1;0;0;0;Rope Cluster;Knots are everywhere.<br>;You rolled\ joints twisted badly.

Shrouded Vale;⚰️;Open Coffin Row;Trap-Roll;-2;0;-1;0;0;0;Burial Hall;Lids rest against the wall.<br>;Roll knocked one over you.
Shrouded Vale;🕳️;Loose Flagstone;Trap-Roll;-2;0;-1;0;0;0;Hidden Gap;Stone wobbles under pressure.<br>;You dodged\ leg slipped through.
Shrouded Vale;🕯️;Candle Rack;Trap-Roll;-1;0;-1;0;0;0;Ritual Stand;Wax pools underfoot.<br>;Roll slid you into metal.
Shrouded Vale;🪦;Grave Row;Trap-Roll;-1;0;-1;0;0;0;Crowded Ground;Markers stand too close together.<br>;Dodge ended in cracked ribs.
Shrouded Vale;🧱;Tomb Rubble;Trap-Roll;-2;0;-1;0;0;0;Broken Vault;Stones lie in ugly mounds.<br>;You rolled\ rocks crushed your side.

Wildland Meadows;🌸;Pollen Drift;Trap-Sleep;-1;0;0;0;-1;0;Airborne Haze;Sweet scent makes you drowsy.<br>;You slept\ woke up weaker.
Wildland Meadows;🌫️;Low Mist Patch;Trap-Sleep;-1;0;0;0;0;0;Dense Fog;Settles heavy on your chest.<br>;Rest was shallow and painful.
Wildland Meadows;🔥;Smoldering Grass;Trap-Sleep;-2;0;0;0;0;0;Slow Burn;Looks safe from a distance.<br>;You dozed\ embers reached skin.

Forsaken Village;🚬;Stale Smoke;Trap-Sleep;-1;0;0;0;-1;0;Lingering Smog;Hangs over the ruined street.<br>;Naptime ended in coughing fits.
Forsaken Village;💡;Flickering Lamp;Trap-Sleep;-1;0;0;0;0;-1;Eye Strain;Light buzzes above your head.<br>;You rested\ vision got worse.
Forsaken Village;🌫️;Choking Soot Cloud;Trap-Sleep;-2;0;0;0;0;0;Ash Drift;Blows from a burnt-out home.<br>;You slept\ lungs felt shredded.

Twisted Fairyland;🎆;Fading Sparks;Trap-Sleep;-1;0;0;0;0;0;Leftover Magic;Last bursts hang in the air.<br>;Resting here singed your skin.
Twisted Fairyland;🎨;Paint Fumes;Trap-Sleep;-1;0;0;0;-1;0;Fairground Smell;Fresh murals never dried.<br>;You napped\ woke up dizzy.
Twisted Fairyland;🎵;Looping Music Box;Trap-Sleep;-1;0;0;0;-1;0;Annoying Jingle;Never finishes the melody.<br>;Sleep broke\ mind felt dull.

River of Sorrows;🌧️;Cold Drizzle;Trap-Sleep;-1;0;0;0;0;0;River Rain;Soaks through anything you wear.<br>;You rested\ joints ached badly.
River of Sorrows;🧊;Chilled Fog;Trap-Sleep;-2;0;0;0;0;0;Bank Mist;Clings to skin like ice.<br>;Sleep left you stiff and sore.
River of Sorrows;🪵;Dripping Log;Trap-Sleep;-1;0;0;0;0;0;Wet Shelter;Seems perfect to lean on.<br>;You woke freezing and weak.

Shrouded Vale;💀;Whispering Skulls;Trap-Sleep;-1;0;0;0;-1;0;Grave Choir;Murmurs rise as you rest.<br>;You slept\ thoughts felt stolen.
Shrouded Vale;🌫️;Funeral Haze;Trap-Sleep;-2;0;0;0;0;0;Thick Mist;Smells faintly of incense.<br>;Breathing it drained your strength.
Shrouded Vale;🕯️;Candlelit Vigil;Trap-Sleep;-1;0;0;0;0;-1;Ritual Glow;Flames never quite stand still.<br>;You rested\ mind grew heavier.

----

Wildland Meadows;🎯;Training Dummy;Trap-Attack;0;1;0;0;0;0;Practice Spot;Perfect for a few good swings.<br>;Your strikes feel more precise.
Wildland Meadows;🏹;Archery Marker;Trap-Attack;0;1;0;0;0;0;Ranged Practice;Old target line still stands.<br>;Hands remember better aim now.
Wildland Meadows;🪵;Sturdy Log;Trap-Roll;1;0;0;0;0;0;Balance Beam;Just wide enough to train.<br>;You feel steadier on your feet.
Wildland Meadows;💧;Clear Spring;Trap-Sleep;1;0;0;0;0;0;Fresh Water;Cold and clean to rest by.<br>;You wake up feeling refreshed.
Wildland Meadows;🌾;Soft Haypile;Trap-Sleep;1;0;0;0;0;0;Makeshift Bed;Dry and pleasantly warm.<br>;Sleep came easy and gentle.

Forsaken Village;🛏️;Intact Cot;Trap-Sleep;1;0;0;0;0;0;Old Bedroom;Somehow survived the ruin.<br>;You wake less sore than before.
Forsaken Village;📜;Training Poster;Trap-Attack;0;1;0;0;0;0;Combat Tips;Crude drawings of fighting stances.<br>;You mimic them and improve.
Forsaken Village;🧱;Sheltered Corner;Trap-Sleep;1;0;0;0;0;0;Wind Break;Walls block most of the chill.<br>;You rest without shivering.
Forsaken Village;🥖;Village Shrine Shelf;Trap-Roll;1;0;0;0;0;0;Offering Spot;Old blessings linger in crumbs.<br>;Kneeling here eased your aches.
Forsaken Village;📿;Forgotten Rosary;Trap-Attack;0;0;0;1;0;0;Tiny Devotion;Beads clicking calm your nerves.<br>;You feel luck on your side.

Twisted Fairyland;🎪;Practice Stage;Trap-Roll;0;0;1;0;0;0;Show Floor;Smooth space to tumble safely.<br>;Your dodges feel more fluid.
Twisted Fairyland;🎭;Mask Stand;Trap-Attack;0;1;0;0;0;0;Expression Drill;Each mask suggests a stance.<br>;Your form sharpens a little.
Twisted Fairyland;🎈;Prize Booth Remnant;Trap-Roll;0;0;0;1;0;0;Lucky Counter;Faded “winner” signs everywhere.<br>;You leave with lighter steps.
Twisted Fairyland;🎵;Quiet Bandstand;Trap-Sleep;1;0;0;0;0;0;Rest Spot;Wind hums a soothing tune.<br>;You wake humming and renewed.
Twisted Fairyland;🍭;Candy Stall;Trap-Sleep;0;0;1;0;0;0;Sweet Memory;Smell alone lifts your spirit.<br>;You linger\ feeling less tired.

River of Sorrows;🛶;Stable Jetty;Trap-Roll;0;0;1;0;0;0;Practice Edge;Good place to train footwork.<br>;Your steps feel more secure.
River of Sorrows;🪝;Anchor Post;Trap-Attack;0;1;0;0;0;0;Striking Point;Perfect height for heavy blows.<br>;You test swings and grow stronger.
River of Sorrows;🕯️;Riverside Lantern;Trap-Sleep;1;0;0;0;0;0;Safe Light;Keeps the darkest thoughts away.<br>;Your rest feels guarded.
River of Sorrows;🧘;Meditation Rock;Trap-Sleep;0;0;0;0;1;0;Calm Focus;Flat stone facing the water.<br>;You sit\ mind a little clearer.
River of Sorrows;🎣;Old Fishing Spot;Trap-Roll;1;0;0;0;0;0;Quiet Bank;Air here is strangely peaceful.<br>;You leave calmer and restored.

Shrouded Vale;🕯️;Vigil Niche;Trap-Sleep;1;0;0;0;0;0;Safe Alcove;One candle still burns steady.<br>;You sleep under a gentle glow.
Shrouded Vale;⛓️;Training Column;Trap-Attack;0;1;0;0;0;0;Anchor Post;Chains mark old drill routines.<br>;You follow them\ stance improves.
Shrouded Vale;⚖️;Stone Balance;Trap-Roll;0;0;1;0;0;0;Centering Slab;Two stones\ perfectly aligned.<br>;Practicing rolls steadies your body.
Shrouded Vale;🕊️;Quiet Statue;Trap-Sleep;0;0;0;1;0;0;Shrine Guardian;A bird carved mid-flight.<br>;Resting beneath brings small comfort.
Shrouded Vale;📖;Prayer Ledge;Trap-Sleep;0;0;0;0;1;0;Faded Texts;Words worn\ meaning lingers.<br>;You rise with clearer thoughts.

Depths of Slumber;🛏️;Dream Rest Spot;Trap-Sleep;1;0;0;0;0;0;Soft Memory;Feels like bed from before.<br>;You awaken more prepared.
Depths of Slumber;🎯;Mind Focus Target;Trap-Attack;0;0;0;0;1;0;Mental Drill;Imaginary target sharpens will.<br>;Your thoughts feel less scattered.
Depths of Slumber;🌙;Gentle Moonbeam;Trap-Sleep;0;0;0;0;0;1;Dream Light;Falls across your closed eyes.<br>;You wake with calmer magic.

---

Forsaken Village;🦇;Frenzied Bat;Swift;1;2;1;0;-1;0;Bloodsucker;Wings flutter in manic hunger.<br>;Bled dry under the moon.
Forsaken Village;🧿;Enchanted Eye;Swift;1;1;1;0;-1;0;Eldritch Entity;Gazes into your soul.<br>;Vision became endless torment.
Forsaken Village;🪡;Possessed Spindle;Swift;1;1;1;1;-1;0;Cursed Tool;Spins threads of death.<br>;Entrapped in a deadly weave.
Forsaken Village;🧵;Entangling Yarn;Swift;1;1;1;0;-1;0;Malevolent Thread;Winds and binds in fury.<br>;Tangled until breathless.

Enemy;🦭;Cursed Walrus;Creature;4;0;0;0;0;0;Heavy Tusk;Crushes with weight.<br>Deals <b>4 ⚔️ Damage</b>.
Enemy;🐚;Clam Fiend;Creature;1;0;0;0;1;0;Snaps shut on fingers.<br>Deals <b>1 🧠 Intellect</b> penalty.
Enemy;🦠;Sludge Slime;Creature;1;0;0;0;1;0;Toxic Blob;Saps your energy.<br>Deals <b>1 🟢 Energy</b> penalty.

Shrouded Necropolis;🧊;Freezing Gloom;Trap-Attack;-1;0;0;0;-1;0;Frostbite;Cold seeps deep into the bones.<br>;
Shrouded Necropolis;🦴;Bone Lure;Trap-Attack;0;0;0;0;-1;0;False Comfort;A promise of warmth—then nothing.<br>;
Shrouded Necropolis;🩸;Blood Pact;Curse;0;0;0;-1;-1;0;Sanguine Binding;Your veins remember the oath.<br>;
Shrouded Necropolis;🌑;Eclipse Veil;Curse;-1;0;0;0;0;0;Shadow Cloak;A darkness clings to every step.<br>;
Shrouded Necropolis;🌬️;Withering Breath;Curse;-1;0;-1;0;0;0;Decay's Touch;Your skin grows brittle.<br>;
Shrouded Necropolis;🦴;Bone Hunger;Curse;0;0;-1;0;0;0;Gnawing Pain;Your bones ache with ancient hunger.<br>;
Shrouded Necropolis;🕯️;Flickering Spirit;Curse;0;0;0;0;-1;0;Fading Will;Your resolve flickers like dying light.<br>;
Shrouded Necropolis;🪞;Broken Reflection;Curse;0;0;0;0;0;-1;Shattered Self;You see only the flaws in your soul.<br>;
Shrouded Necropolis;⚰️;Gravebound;Curse;0;0;-1;0;0;0;Tethered Soul;Earth clings to your very being.<br>;
Twisted Fairyland;🔔;Distant Chime;Trap-Sleep;0;0;-2;0;0;0;Echo Loop;The same note rang every few minutes.<br>;You couldn’t tell dream from bell.
Shrouded Vale;🧄;Cursed Garlic;Trap-Sleep;-2;0;0;0;0;0;Festering Clove;Hung to ward off the wrong things.<br>;You sweated poison all night.
River of Sorrows;💧;Tearfall Rain;Trap-Sleep;-1;0;-1;0;0;0;Silent Storm;It didn’t wet your skin\ just your soul.<br>;You woke already sobbing.
Shrouded Vale;🌫️;Breathing Fog;Trap-Sleep;-2;0;0;0;0;0;Choking Veil;Rolled in thick\ and wouldn’t roll out.<br>;It filled your lungs before you knew it.
Wildland Meadows;🪞;Still Reflection;Trap-Sleep;-2;0;0;-1;0;0;Distorted Vision;Your face blinks back at you.<br>;Woke with someone else’s thoughts.
Wildland Meadows;🦗;Endless Chirping;Trap-Sleep;0;0;-2;0;0;0;Sound Torture;A single cricket never stopped.<br>;Drove you half-mad before dawn.
Wildland Meadows;🌧️;Drizzle That Burns;Trap-Sleep;-1;0;0;0;0;0;Tainted Rain;It smelled metallic before it hit.<br>;Left red welts across your back.
Twisted Fairyland;🎠;Whispering Carousel;Trap-Sleep;-2;0;0;-1;0;0;Abandoned Toy;Spins slowly on no wind.<br>;Dreams turned to spirals.
Twisted Fairyland;👁️;Everseeing Eye;Trap-Sleep;0;0;-3;0;0;0;Watcher’s Curse;You *felt* it blink while you slept.<br>;Mind splintered from the gaze.
Twisted Fairyland;🎵;Mocking Tune;Trap-Sleep;0;0;-2;0;0;0;Repeating Laughter;Lullaby never stops repeating.<br>;Woke up humming\ unable to stop.
River of Sorrows;🪞;Flooded Memory;Trap-Sleep;0;0;-2;0;0;0;Lingering Thought;You remembered what you shouldn’t have.<br>;Mind staggered under its weight.
River of Sorrows;🗣️;Faint Crying;Trap-Sleep;-1;0;-1;0;0;0;Grief Echo;You tried to ignore it\ but it crawled closer.<br>;Woke up weeping\ unaware why.
Shrouded Vale;⚔️;Spectral March;Trap-Sleep;0;0;-2;0;0;0;Ghost Parade;Boots pass through your camp at night.<br>;Woke up covered in ash.
Shrouded Vale;📯;Phantom Horn;Trap-Sleep;0;0;-2;0;0;0;Final Signal;Heard the call\ felt the dread.<br>;Woke with shaking hands.
Shrouded Vale;👣;Echoing Footsteps;Trap-Sleep;0;0;-2;0;0;0;Presence Unseen;Footfalls circled all night long.<br>;Didn’t sleep\ not truly.
Forsaken Village;🌬️;Howling Winds;Trap-Sleep;0;0;-2;0;0;0;Living Decay;Spreads faster when watched.<br>;
Twisted Fairyland;🦧;Elder Ape King;Boss-Heavy;4;3;2;0;4;0;Monarch of the Jungle;Its howl is a death knell.<br>;Flattened beneath its fists.
Twisted Fairyland;🦇;Lord of Bats;Boss-Spirit;2;3;2;0;3;1;Vampiric Monarch;Commands the night’s children.<br>;Left a bloodless husk.
Twisted Fairyland;💥;Mushroom Spore Trap;Trap-Attack;-1;0;0;0;0;0;Fungal Burst;Spore cloud explodes around you.<br>;Coughed up sickness.
Twisted Fairyland;🪦;Open Grave;Trap-Attack;-1;0;0;0;-1;0;Mourning Ground;The earth wants you too.<br>;Laid down for eternal rest.
Twisted Fairyland;🌑;Dark Pool;Trap-Roll;0;0;0;0;-1;0;Unseen Depths;Can’t see what’s below.<br>;Stepped in unseen horror.
Twisted Fairyland;🕷️;Hidden Spider;Trap;-1;0;0;0;0;0;Creepy Crawler;It waits in dark corners.<br>;Shivers ran down your spine.
Twisted Fairyland;🪨;Falling Rock;Trap-Attack;-2;0;0;0;0;0;Natural Disaster;The weight of the world above.<br>;Crushed under sudden burden.

Forsaken Village;🦇;Frenzied Bat;Swift;1;2;1;0;-1;0;Bloodsucker;Wings flutter in manic hunger.<br>;Bled dry under the moon.
Forsaken Village;🧿;Enchanted Eye;Swift;1;1;1;0;-1;0;Eldritch Entity;Gazes into your soul.<br>;Vision became endless torment.
Forsaken Village;🪡;Possessed Spindle;Swift;1;1;1;1;-1;0;Cursed Tool;Spins threads of death.<br>;Entrapped in a deadly weave.
Forsaken Village;🧵;Entangling Yarn;Swift;1;1;1;0;-1;0;Malevolent Thread;Winds and binds in fury.<br>;Tangled until breathless.
Twisted Fairyland;🧝‍♂️;Cultist Archer;Recruit;3;2;2;0;2;1;Twisted Humanoid;Loose arrows with disturbing glee.<br>;Filled with arrows.
Twisted Fairyland;🧙‍♀️;Cultist Witch;Recruit;2;1;3;0;3;1;Twisted Humanoid;Cackles in foul delight.<br>;Lost your soul to her magic.
Twisted Fairyland;🧝‍♂️;Cultist Warlock;Recruit;2;2;3;0;4;2;Twisted Humanoid;Eyes gleam with dark power.<br>;Soul torn asunder.
Twisted Fairyland;🐆;Ghostly Lynx;Swift;3;4;2;0;5;0;Wild Phantom;A silent killer in the mists.<br>;Shredded to ribbons.
Twisted Fairyland;🦡;Dire Badger;Swift;3;3;2;0;4;0;Savage Beast;Moves with unnatural speed.<br>;Burrowed deep in your flesh.
Twisted Fairyland;🦇;Bloodthirsty Bat;Swift;2;2;3;0;2;0;Vampiric Fiend;Wings blur in the night.<br>;Drained of every drop.
Twisted Fairyland;🦬;Charging Bison;Heavy;4;4;1;0;5;0;Massive Beast;Thunders forward in fury.<br>;Skull crushed to dust.
Twisted Fairyland;🐘;Wrathful Mammoth;Heavy;5;3;1;0;5;0;Ancient Beast;A monstrous wall of flesh.<br>;Trampled beneath colossal weight.
Twisted Fairyland;🦏;Brutal Rhinox;Heavy;4;4;1;0;5;0;Savage Juggernaut;Its horn is its promise of death.<br>;Skewered to the bone.
Twisted Fairyland;🌫️;Mist Wraith;Spirit;1;1;1;0;-1;1;Ethereal Apparition;Whispers of the dead.<br>;Suffocated in fog.
Twisted Fairyland;🌠;Celestial Echo;Spirit;1;0;1;1;-1;1;Otherworldly Glimmer;A glint of lost hope.<br>;Erased by stardust.
Twisted Fairyland;🔥;Will-o’-the-Wisp;Spirit;1;0;0;1;-1;1;Flickering Flame;Dances just out of reach.<br>;Consumed in flame’s embrace.
Shrouded Necropolis;🧟‍♀️;Withered Corpse;Undead;2;2;1;0;-1;1;Restless Body;Its skin is paper thin.<br>;Rotten to the bones.
Shrouded Necropolis;🐦‍⬛;Cursed Raven;Undead;3;1;3;0;1;0;Wild Animal;Caws echo with the dead.<br>;Got both eyes pecked out.
Endless Ocean;🦕;Ancient Lizard;Boss-Heavy;8;3;3;0;-1;0;Eden Beast;Must weight a million tons.;Got stomped into the ground.

Twisted Fairyland;🌈;Shimmering Veil;Curse;1;0;0;0;0;0;Illusion;Veils your senses in strange lights.<br>;Stepped into false hope.
Twisted Fairyland;💀;Whispering Skulls;Curse;0;0;-1;0;0;0;Haunting Presence;The skulls sing your name.<br>;Lost part of your soul.
Twisted Fairyland;🦋;Moth Swarm;Curse;-1;0;1;0;0;0;Insect Plague;Drawn to your warmth.<br>;Covered in fluttering shadows.
Twisted Fairyland;🌟;Fae Starlight;Curse;0;0;0;0;0;1;Otherworldly Light;Lures you deeper into madness.<br>;Enchanted, never to return.
Twisted Fairyland;🌪️;Hollow Wind;Curse;0;0;0;0;-1;0;Whistling Sound;Whispers only you hear.<br>;Sanity frayed in the breeze.
Twisted Fairyland;🌸;Poisonous Petals;Curse;-1;0;0;0;0;0;Floral Trap;Too sweet to resist.<br>;Choked by false beauty.
Twisted Fairyland;🌧️;Weeping Rain;Curse;0;0;0;0;0;1;Cursed Weather;Soft rain that never stops.<br>;Heart grew heavy and wet.
Twisted Fairyland;🕯️;Flickering Wicks;Curse;0;0;0;0;-1;0;Ghostly Light;Dances and fades without end.<br>;Lost sight of the path.
Twisted Fairyland;🕳️;Bottomless Hollow;Curse;-1;0;0;0;0;0;Abyssal Void;It pulls everything close.<br>;Felt the weight of eternity.
Twisted Fairyland;💀;Banshee’s Cry;Curse;-1;0;0;0;0;0;Echo of Death;Piercing scream breaks your thoughts.<br>;Ears bleed from the noise.
Twisted Fairyland;🌠;Falling Star;Curse;0;0;0;0;0;1;Celestial Omen;A wish granted, at a price.<br>;Sacrificed something dear.
Twisted Fairyland;🪦;Grave Dust;Curse;-1;0;0;0;0;0;Mourning Ash;The earth’s final breath.<br>;Felt the weight of the grave.
Twisted Fairyland;🧚;Pixie Mischief;Curse;0;0;0;0;-1;0;Fae Curse;Laughing voices haunt you.<br>;Lost your way in laughter.
Forsaken Village;🕯️;Flickering Flame;Curse;0;0;0;0;-1;0;Misfortune;A single light grows and fades.<br>;Hope flickered and died.
Forsaken Village;🧠;Fractured Mind;Curse;0;0;0;0;-1;0;Misfortune;Thoughts splinter into chaos.<br>;Madness took over.
Forsaken Village;🦴;Cracked Bones;Curse;-1;0;0;0;0;0;Health Condition;Aching joints groan in pain.<br>;Every movement became agony.
Forsaken Village;💤;Endless Sleep;Curse;0;0;0;0;-1;0;Misfortune;The weight of dreams drags you under.<br>;Never woke again.
Forsaken Village;👣;Ghostly Footsteps;Curse;0;0;0;0;-1;0;Misfortune;Faint steps echo just behind you.<br>;Sanity slipped away.
Forsaken Village;🩸;Blood Price;Curse;-1;0;0;0;0;0;Health Condition;A price paid in crimson.<br>;Life drained out.
