//Cut content, needs more care

Fading Wildlands;🪙;Ethereal Drachma;Item;0;0;0;0;0;0;0;Transient Currency;Entangles with one's soul on touch.<br>;Claimed an <b>Ethereal Drachma +1 🪙</b>
Fading Wildlands;💰;Drachmae Pouch;Item;0;0;0;0;0;0;0;Transient Currency;Someone's misplaced savings for their afterlife.<br>Contains few <b>🪙 Ethereal Drachmae</b>.;Claimed a <b>Sunken Drachma +1 🪙</b>

Forsaken Village;🎁;Wrapped Parcel;Container;Undelivered Gift;0;0;0;0;0;0;0;Container;Wrapped in faded ribbons.<br>;
Forsaken Village;🎁;Unopened Gift;Container;Undelivered Gift;0;0;0;0;0;0;0;Container;Who left this surprise here?<br>;
Twisted Fairyland;🪞;Mirror Horror;Boss-Reflective;3;1;3;0;-1;0;0;Cursed Reflection;Copies your every move.<br>;Shattered in a mirror duel.
Twisted Fairyland;🦍;Ruinous Gorilla;Boss-Heavy;3;2;3;0;3;0;0;Towering Beast;Roars echo in the woods.<br>;Crushed by monstrous fists.
Twisted Fairyland;🦏;Shrunk Rhino;Boss-Heavy;2;2;1;0;4;0;1;Armored "Titan";Don't stay in the way of its charge.<br>;Gored like a ragdoll.

Fading Wildlands;🐑;Irritated Sheep;Standard;2;0;2;0;10;0;0;Woolen Rammer;Soft coat\ hard skull.<br>;Head-butted to death.
River of Sorrows;🐟;Suicidal Tuna;Swift;1;3;2;0;-1;0;1;Fearless Critter;Charges forward no matter the consequences.<br>;Not really sure what happened.
Fishing;🐬;Sinister Dolphin;Friend;0;0;0;0;1;0;0;Clever One;Makes a lot of squaking noises.<br>;They shared some secret.
Forsaken Village;🛢;Rainwater Barrel;Fishing;0;0;0;0;0;0;0;Water Body;Left open for decades\ who knows what’s inside.<br>;
Fishing;🦞;Lobster Warrior;Pet;2;1;1;0;0;0;0;Crustacean Ally;Looks like it is going to fight back.<br>;Defeated by a lobster!
Fishing;🦀;Pinching Crab;Pet;1;1;1;0;0;0;0;Crustacean;Handle with care.<br>;
Wildland Meadows;🦌;Horned Nightmare;Boss-Heavy;2;2;1;0;-1;0;0;Beast of the Forest;Antlers like towers of bone.<br>;Got stomped to death by hooves.
River of Sorrows;👤;Abandoned Love;Friend👠;-1;0;0;0;0;0;0;Unfinished Business;Wandering around\ trying to find the way.<br>;Got a secondhand heartbreak
River of Sorrows;🐋;Willy's Ghost;Spirit;1;3;1;0;4;0;0;Too Clever One;Makes a lot of squaking noises.<br>;Got outsmarted by a dlophin.
Forsaken Village;🐕;Starved Hound;Friend;-1;0;0;0;0;0;0;Stray Creature;Its ribs are visible\ but it keeps on going.<br>;Got bit by a hungry beast!
Forsaken Village;🦌;Starved Elk;Friend;0;0;0;-1;0;0;0;Feral Remnant;Follows you like it remembers something.<br>;Its stare took a part of your soul.
Wildland Meadows;🐢;Wandering Turtle;Pet;1;0;1;0;0;0;1;Slow but Steady;Carries a miniature world on its back.<br>;Slowly bonded with the gang.
Twisted Fairyland;🐫;Thirsty Inhabitant;Heavy;4;2;2;0;1;0;0;Seasoned Survivor;Wants to slurp all your fluids.<br>;Got sucked until dry.
Forsaken Village;🪣;Gathering Bucket;Item;1;0;0;0;0;0;0;Makeshift Headgear;Could brace a mediocre attack.<br>Provides <b>+1 ❤️ Health</b>;
Fishing;🪣;Leaky Bucket;Item;0;0;0;0;0;0;0;Broken Carrier;Has absolutely zero practical use.<br>;Just picked up some trash.
Fishing;🪣;Metal Bucket;Item;1;0;0;0;0;0;0;Makeshift Helmet;Can possibly serve as a head protection.<br>Provides <b>+1 🔰 Defense</b>.;Not stupid\ if it works!
Wildland Meadows;🪁;Lightning Kite;Item;0;0;1;0;0;0;<b>Artifact</b>;Unusual tool\ perhaps serves a higher purpose.<br>Somehow provides <b>+2 🟢 Energy</b>.;Got struck by lightning gaining
Wildland Meadows;🔔;Unlucky Chime;Item;0;0;0;-1;-1;0;Cursed Trinket;Makes annoying sound every step you take.<br><b>Does not offer any advantage.</b>;Aghhh\ did you think!?
Twisted Fairyland;🎠;Music Carousel;Locked-Container;0;0;0;0;0;0;Wind-Up Lock;Only plays in reverse.<br>;It popped open with a tune.
Depths of Slumber;⚫;Fractured Memory;Dream;0;0;0;0;0;0;Lost Thought;<b>Something is missing</b>\ but you can’t recall what.<br>Try to <b>💤 Sleep</b>
Depths of Slumber;🫀;Pale Heart;Dream;0;0;0;0;0;0;Inner Weakness;Beats once — for her.<br><b>💤 Sleep</b> to recover or <b>⚰️ Give up</b> to forget.;It felt like someone else's pain.
River of Sorrows;‍🦦;Playful Otter;Pet;1;0;2;2;1;0;Wild Animal;Hyperactively snooping around.<br>;Got a new travel buddy!

Fishing;📔;Wet Almanac;Item;0;0;0;0;1;0;0;Knowledge;Barely legible but still valuable.<br>Provides <b>+1 🧠 Intellect</b>.;Learned something new.
Fishing;🪙;Old Coin;Item;0;0;0;1;0;0;0;Lucky Find;Might be worth a fortune.<br>Provides <b>+1 🍀 Luck</b>.;Pocketed with delight.

Twisted Fairyland;🪃;Haunting Boomerang;Item;0;1;0;0;0;0;0;Tribal Weapon;Requires perfect handling to avoid injury.<br>Provides <b>+1 ⚔️ Damage</b>.;
Shrouded Necropolis;🤖;Exhausted Golem;Friend⚙️\🔧\🔩\🪛;0;0;0;0;0;0;0;Hopeless Machine;You can hear its very faint voice.<br>;They gestured "OK" towards you.

River of Sorrows;️🏝️;Quiet Sandbank;Fishing;0;0;0;0;0;0;Natural Habitat;Peaceful place in the middle of nowhere.<br>;Something jumped the hook!
River of Sorrows;🏖;Lonely Island;Fishing;0;0;0;0;0;0;Piece of Land;Place of rest in the middle of nowhere.<br>;Something jumped the hook!
River of Sorrows;️🏝️;Little Sandbank;Fishing;0;0;0;0;0;0;Natural Habitat;A place of rest in the middle of nowhere.<br>;Something was behind the palm tree.
River of Sorrows;🏖;Chill Island;Fishing;0;0;0;0;0;0;Piece of Land;A place of rest in the middle of nowhere.<br>;Found something in the shade.
River of Sorrows;️🏝️;Palm Island;Fishing;0;0;0;0;0;0;Natural Habitat;A place of rest in the middle of nowhere.<br>;Something was behind the palm tree.
River of Sorrows;🏖;Shaded Island;Fishing;0;0;0;0;0;0;Piece of Land;A place of rest in the middle of nowhere.<br>;Found something in the shade.
River of Sorrows;🌥️;Gloomy Sky;Prop;0;0;0;0;0;0;Weather Condition;The world feels so heavy under those clouds.<br>;
River of Sorrows;🌩️;Distant Thunderstorm;Prop;0;0;0;0;0;0;Weather Condition;The storm rumbles in the distance.<br>;
River of Sorrows;🌩️;Thunderstorm Entity;Spirit;1;0;0;0;-1;2;Elemental Fury;Eyes crackle with electric hate.<br>;Struck by a lightning bolt.
